CREATE TABLE ESB_ALARM (MSGSN varchar(64) NOT NULL, MSGCD varchar(24) NOT NULL, LANG varchar(8), SNDMBRCD varchar(24), SNDAPPCD varchar(8), SNDDT varchar(8), SEQNB varchar(32), SNDTM varchar(10), CALLTYP varchar(4), RCVMBRCD varchar(24), RCVAPPCD varchar(8), RCVAPPSN varchar(64), REFRCVAPPSN varchar(64), REFMSGCD varchar(24), REFSNDMBRCD varchar(24), REFSNDAPPCD varchar(8), REFSNDDT varchar(8), REFSEQNB varchar(32), REFCALLTYP varchar(4), EXT varchar(1024), BROKER varchar(16), EG varchar(16), RETCD varchar(16), RETDESC varchar(1024), LOCATION varchar(256), IP varchar(24), MBRCD varchar(24), APPCD varchar(8), TRACENO varchar(128), TMSTAMP char(17), SEQ bigint NOT NULL, PRIMARY KEY (SEQ)) ENGINE=InnoDB DEFAULT CHARSET=utf8;
CREATE TABLE ESB_ENDPOINT (LOCATION varchar(32) NOT NULL, URI varchar(256) NOT NULL, REMARK varchar(128), USERCD varchar(24), LASTUPDTM varchar(20), ACTIONNM char(1), VERDT varchar(8), VERSTATUS char(1), APPCD varchar(24), PRIMARY KEY (LOCATION)) ENGINE=InnoDB DEFAULT CHARSET=utf8;
CREATE TABLE ESB_FAMSG (MSGCD varchar(24) NOT NULL, RCVAPPCD varchar(8) NOT NULL, RCVMSGCD varchar(24) NOT NULL, ESBMSGCD varchar(24), LEN int, HDRSCHEMA varchar(16), HDRTAG varchar(16), MSGDESC varchar(60), EXT1 varchar(80), EXT2 varchar(80), EXT3 varchar(80), USERCD varchar(24), LASTUPDTM varchar(20), ACTIONNM char(1), VERDT varchar(8), VERSTATUS char(1), PRIMARY KEY (MSGCD, RCVAPPCD, RCVMSGCD)) ENGINE=InnoDB DEFAULT CHARSET=utf8;
CREATE TABLE ESB_FAMSGSCHEMA (MSGCD varchar(24) NOT NULL, SEQ int NOT NULL, SNDAPPCD varchar(8) NOT NULL, PARENTSEQ int NOT NULL, ESBNAME varchar(60) NOT NULL, RCVNAME varchar(60), FDESC varchar(60), FTYP varchar(3) NOT NULL, MINLEN varchar(32), MAXLEN varchar(32), DECI int, OPTIONAL char(1), ENCRYPT char(1), SIG varchar(20), ISO8583 varchar(32), FIXMSG varchar(32), CMTTAG varchar(32), FVMAPID varchar(10), CVTR varchar(20), FTL varchar(256), VALIDATOR varchar(60), PATTERN varchar(60), DEFVALUE varchar(60), EXTTAG char(1), EXT1 varchar(64), EXT2 varchar(64), EXT3 varchar(64), PRIMARY KEY (MSGCD, SEQ, SNDAPPCD)) ENGINE=InnoDB DEFAULT CHARSET=utf8;
CREATE TABLE ESB_FVMAPPING (FVMAPID varchar(12) NOT NULL, ESBFV varchar(20) NOT NULL, APPCD varchar(8) NOT NULL, MBRCD varchar(24) NOT NULL, APPFV varchar(20) NOT NULL, FVDESC varchar(60), USERCD varchar(24), LASTUPDTM varchar(20), ACTIONNM char(1), VERDT varchar(8), VERSTATUS char(1), PRIMARY KEY (FVMAPID, ESBFV, APPCD, MBRCD)) ENGINE=InnoDB DEFAULT CHARSET=utf8;
CREATE TABLE ESB_LOG (MSGSN varchar(64) NOT NULL, LOGPOINT char(1) NOT NULL, MSGCD varchar(24) NOT NULL, LANG varchar(8), SNDMBRCD varchar(24), SNDAPPCD varchar(8), SNDDT varchar(8), SEQNB varchar(32), SNDTM varchar(10), CALLTYP varchar(4), RCVMBRCD varchar(24), RCVAPPCD varchar(8), RCVAPPSN varchar(64), REFRCVAPPSN varchar(64), REFMSGCD varchar(24), REFSNDMBRCD varchar(24), REFSNDAPPCD varchar(8), REFSNDDT varchar(8), REFSEQNB varchar(32), REFCALLTYP varchar(4), EXT varchar(1024), BROKER varchar(16), EG varchar(16), RETCD varchar(16), RETDESC varchar(1024), LOCATION varchar(256), TRACENO varchar(128), IP varchar(24), MBRCD varchar(24), APPCD varchar(8), BPLPSN varchar(64), BPLNODE varchar(24), BPLFAILABORT char(1), BIZ1 varchar(512), BIZ2 varchar(512), BIZ3 varchar(512), BIZ4 varchar(512), BIZ5 varchar(512), BIZ6 varchar(512), BIZ7 varchar(512), BIZ8 varchar(512), BIZ9 varchar(1024), TMSTAMP char(17), TDT char(8), TTM char(6), TTM10S char(5), TTM1M char(4), TTM10M char(3), TTM1H char(2), XMLLEN int, ORIGNALLEN int, SEQ bigint NOT NULL, REPLYTOQ varchar(20), GATEWAY varchar(24), FTS varchar(512), REPLYMSGCD varchar(32), PRIMARY KEY (SEQ)) ENGINE=InnoDB DEFAULT CHARSET=utf8;
CREATE TABLE ESB_LOG_DETAIL (MSGSN varchar(64) NOT NULL, SIGNATURE varchar(1024), ESBXML blob, ORIGBYTES blob, SEQ bigint NOT NULL, PRIMARY KEY (SEQ)) ENGINE=InnoDB DEFAULT CHARSET=utf8;
CREATE TABLE ESB_MSG (MSGCD varchar(24) NOT NULL, REPMSGCD varchar(24), RCVAPPCD varchar(8), RCVMSGCD varchar(128), MSGATTR varchar(32) NOT NULL, PUBLISHDT int NOT NULL, MSGDESC varchar(1024), SCHEMAMSGCD varchar(24), LEN int, HDRSCHEMA varchar(16), HDRTAG varchar(16), ADAPTERBEAN varchar(16), EXT1 varchar(512), EXT2 varchar(512), EXT3 varchar(512), LASTOPERATEUSER varchar(24), LASTOPERATETIME varchar(20), USERCD varchar(24), LASTUPDTM varchar(20), ACTIONNM char(1), VERDT varchar(8), VERSTATUS char(1), PRIMARY KEY (MSGCD)) ENGINE=InnoDB DEFAULT CHARSET=utf8;
CREATE TABLE ESB_MSGSCHEMA (MSGCD varchar(24) NOT NULL, SEQ int NOT NULL, PARENTSEQ int NOT NULL, ESBNAME varchar(60) NOT NULL, RCVNAME varchar(60), FDESC varchar(1024), FTYP varchar(3) NOT NULL, MINLEN varchar(32), MAXLEN varchar(32), DECI int, OPTIONAL char(1) NOT NULL, ENCRYPT char(1) NOT NULL, SIG varchar(20), REVERSAL varchar(32), ISO8583 varchar(32), FIXMSG varchar(32), CMTTAG varchar(32), FVMAPID varchar(12), CVTR varchar(128), FTL varchar(512), VALIDATOR varchar(60), PATTERN varchar(60), DEFVALUE varchar(60), EXT1 varchar(64), EXT2 varchar(64), EXT3 varchar(64), TAGATTR char(32), METADATA varchar(32), PRIMARY KEY (MSGCD, SEQ)) ENGINE=InnoDB DEFAULT CHARSET=utf8;
CREATE TABLE ESB_NODE (APPCD varchar(8) NOT NULL, MBRCD varchar(24) NOT NULL, NAME varchar(48), APPATTR varchar(32), SIGBEANID varchar(12), SIGCNTBEANID varchar(32), PUBLICKEY varchar(2560), DESKEY varchar(256), HOST varchar(128), LOCALPORT varchar(128), ACCESSTYPE char(1), FABEANID varchar(32), BABEANID varchar(32), ECHOMSGCD varchar(24), EXT1 varchar(32), EXT2 varchar(64), EXT3 varchar(128), PUBLISHDT char(8), EFFECTDT char(8), LOCATION varchar(256), SYNRESPONSE2QM varchar(64), AUTHMSGCD varchar(64), HTTPURI varchar(32), QMGR varchar(32), REMARK varchar(256), LASTUPDTM varchar(20), USERCD varchar(24), ACTIONNM char(1), VERDT varchar(8), VERSTATUS char(1), LOCATIONNO int, SLAMAXCON int, SLAAVGCOST int, SLAMAXCOST int, SLARECOVERY int, SLASUCRATIO float(5,3), REPLYTOQ varchar(64), PRIMARY KEY (APPCD, MBRCD)) ENGINE=InnoDB DEFAULT CHARSET=utf8;
CREATE TABLE ESB_NODESERVICE (APPCD varchar(8) NOT NULL, MBRCD varchar(24) NOT NULL, MSGCD varchar(24) NOT NULL, ATTR varchar(32) NOT NULL, QNAME varchar(24), ROUTERULE varchar(128), ROUTEBEANNAME varchar(24), LOCATION varchar(128), ASYNREPQNAME varchar(32), ASYNREPLOCATION varchar(128), USERCD varchar(24), LASTUPDTM varchar(20), ACTIONNM char(1), VERDT varchar(8), VERSTATUS char(1), PRIMARY KEY (APPCD, MBRCD, MSGCD)) ENGINE=InnoDB DEFAULT CHARSET=utf8;
CREATE TABLE ESB_SERVICE (SERVICEID varchar(24) NOT NULL, VER varchar(12) NOT NULL, NAME varchar(64), APPCD varchar(12), CATEGORY varchar(32), STATUS char(1), REQMSGCD varchar(24), REPMSGCD varchar(24), QNAME varchar(1024), ROUTERULE varchar(2048), ROUTEBEANNAME varchar(24), RCVSNBEANID varchar(32), RVSLMSGCD varchar(24), RVSLTIMES int, RVSLRULE varchar(1024), PUBLISHDT varchar(8), EFFECTDT varchar(8), REMARK varchar(1024), EXT1 varchar(80), EXT2 varchar(80), EXT3 varchar(80), SVCATTR char(32), MAXLEN int, LOCATION varchar(3000), VALIDRULE varchar(512), HTTPHEADERS varchar(128), LASTOPERATETIME varchar(20), LASTOPERATEUSER varchar(24), USERCD varchar(24), LASTUPDTM varchar(20), ACTIONNM char(1), VERDT varchar(8), VERSTATUS char(1), SLAMAXCON int, SLAAVGCOST int, SLAMAXCOST int, SLASUCRATIO float(5,3), SLARECOVERY int, PRIMARY KEY (SERVICEID, VER)) ENGINE=InnoDB DEFAULT CHARSET=utf8;


INSERT INTO ESB_SERVICE (SERVICEID, VER, NAME, APPCD, CATEGORY, STATUS, REQMSGCD, REPMSGCD, QNAME, ROUTERULE, ROUTEBEANNAME, RCVSNBEANID, RVSLMSGCD, RVSLTIMES, RVSLRULE, PUBLISHDT, EFFECTDT, REMARK, EXT1, EXT2, EXT3, SVCATTR, MAXLEN, LOCATION, VALIDRULE, HTTPHEADERS, LASTOPERATETIME, LASTOPERATEUSER, USERCD, LASTUPDTM, ACTIONNM, VERDT, VERSTATUS, SLAMAXCON, SLAAVGCOST, SLAMAXCOST, SLASUCRATIO, SLARECOVERY) VALUES ('CMIS.BRH10', '01', '借款项目信息推送请求', 'CMIS', 'svcat_SSO_CC', '5', 'CMIS.BRH10.01', 'CMIS.BRH11.01', 'CMIS', null, null, null, null, null, null, '20131109', '20990909', null, null, null, null, null, null, 'http://10.211.1.208:8010/brh-insuregateway/CreditInsureService', null, null, null, null, 'ESB', '2015-04-14 00:46:59', '1', '20150401', '2', 1, 4, 10, 99.0, 10);
INSERT INTO ESB_SERVICE (SERVICEID, VER, NAME, APPCD, CATEGORY, STATUS, REQMSGCD, REPMSGCD, QNAME, ROUTERULE, ROUTEBEANNAME, RCVSNBEANID, RVSLMSGCD, RVSLTIMES, RVSLRULE, PUBLISHDT, EFFECTDT, REMARK, EXT1, EXT2, EXT3, SVCATTR, MAXLEN, LOCATION, VALIDRULE, HTTPHEADERS, LASTOPERATETIME, LASTOPERATEUSER, USERCD, LASTUPDTM, ACTIONNM, VERDT, VERSTATUS, SLAMAXCON, SLAAVGCOST, SLAMAXCOST, SLASUCRATIO, SLARECOVERY) VALUES ('CMIS.BRH30', '01', '借款项目信息推送请求', 'CMIS', 'svcat_SSO_CC', '5', 'CMIS.BRH30.01', 'CMIS.BRH31.01', 'CMIS', null, null, null, null, null, null, '20131109', '20990909', null, null, null, null, null, null, null, null, null, null, null, 'ESB', '2015-04-14 00:46:59', '1', '20150401', '2', 1, 4, 10, 99.0, 10);
INSERT INTO ESB_SERVICE (SERVICEID, VER, NAME, APPCD, CATEGORY, STATUS, REQMSGCD, REPMSGCD, QNAME, ROUTERULE, ROUTEBEANNAME, RCVSNBEANID, RVSLMSGCD, RVSLTIMES, RVSLRULE, PUBLISHDT, EFFECTDT, REMARK, EXT1, EXT2, EXT3, SVCATTR, MAXLEN, LOCATION, VALIDRULE, HTTPHEADERS, LASTOPERATETIME, LASTOPERATEUSER, USERCD, LASTUPDTM, ACTIONNM, VERDT, VERSTATUS, SLAMAXCON, SLAAVGCOST, SLAMAXCOST, SLASUCRATIO, SLARECOVERY) VALUES ('RPEDUE.05', '01', '邦融汇保费代收请求', 'RPEDUE', 'svcat_SSO_CC', '5', 'RPEDUE.05.01', 'RPEDUE.05.02', 'RPEDUE', null, null, null, null, null, null, '20131109', '20990909', null, null, null, null, null, null, 'http://10.10.139.32:7001/yeePayProxy/services/PrmdueController?wsdl', null, null, null, null, 'ESB', '2015-04-14 00:46:59', '1', '20150401', '2', 1, 4, 10, 99.0, 10);
INSERT INTO ESB_SERVICE (SERVICEID, VER, NAME, APPCD, CATEGORY, STATUS, REQMSGCD, REPMSGCD, QNAME, ROUTERULE, ROUTEBEANNAME, RCVSNBEANID, RVSLMSGCD, RVSLTIMES, RVSLRULE, PUBLISHDT, EFFECTDT, REMARK, EXT1, EXT2, EXT3, SVCATTR, MAXLEN, LOCATION, VALIDRULE, HTTPHEADERS, LASTOPERATETIME, LASTOPERATEUSER, USERCD, LASTUPDTM, ACTIONNM, VERDT, VERSTATUS, SLAMAXCON, SLAAVGCOST, SLAMAXCOST, SLASUCRATIO, SLARECOVERY) VALUES ('SMS.CSSPSEND', '01', '发送短信', 'SMS', 'svcat_SSO_CC', '5', 'SMS.CSSPSEND.01', 'SMS.CSSPSENDREP.01', null, null, null, null, null, null, null, '20131109', '20990909', null, null, null, null, null, null, 'http://111.13.46.146:8023/MWGate/wmgw.asmx', null, null, null, null, 'ESB', '2015-04-14 00:46:59', '1', '20150401', '2', 1, 4, 10, 99.0, 10);
INSERT INTO ESB_SERVICE (SERVICEID, VER, NAME, APPCD, CATEGORY, STATUS, REQMSGCD, REPMSGCD, QNAME, ROUTERULE, ROUTEBEANNAME, RCVSNBEANID, RVSLMSGCD, RVSLTIMES, RVSLRULE, PUBLISHDT, EFFECTDT, REMARK, EXT1, EXT2, EXT3, SVCATTR, MAXLEN, LOCATION, VALIDRULE, HTTPHEADERS, LASTOPERATETIME, LASTOPERATEUSER, USERCD, LASTUPDTM, ACTIONNM, VERDT, VERSTATUS, SLAMAXCON, SLAAVGCOST, SLAMAXCOST, SLASUCRATIO, SLARECOVERY) VALUES ('SSO.00000001', '01', 'json call test 1', 'SSO', 'svcat_SSO_CC', '5', 'SSO.000000010.01', 'SSO.000000011.01', 'SSO', null, null, null, null, null, null, '20131109', '20990909', null, null, null, null, null, null, 'jscall:demo.save', null, null, null, null, 'ESB', '2015-04-14 00:46:59', '1', '20150401', '2', 1, 4, 10, 99.0, 10);


INSERT INTO ESB_NODESERVICE (APPCD, MBRCD, MSGCD, ATTR, QNAME, ROUTERULE, ROUTEBEANNAME, LOCATION, ASYNREPQNAME, ASYNREPLOCATION, USERCD, LASTUPDTM, ACTIONNM, VERDT, VERSTATUS) VALUES ('CMIS', ' ', 'SSO.000000010.01', '000000000000000000000000', null, null, null, null, null, null, null, null, null, null, null);
INSERT INTO ESB_NODESERVICE (APPCD, MBRCD, MSGCD, ATTR, QNAME, ROUTERULE, ROUTEBEANNAME, LOCATION, ASYNREPQNAME, ASYNREPLOCATION, USERCD, LASTUPDTM, ACTIONNM, VERDT, VERSTATUS) VALUES ('RPEDUE', ' ', 'SSO.000000010.01', '000000000000000000000000', null, null, null, null, null, null, null, null, null, null, null);
INSERT INTO ESB_NODESERVICE (APPCD, MBRCD, MSGCD, ATTR, QNAME, ROUTERULE, ROUTEBEANNAME, LOCATION, ASYNREPQNAME, ASYNREPLOCATION, USERCD, LASTUPDTM, ACTIONNM, VERDT, VERSTATUS) VALUES ('SMS', ' ', 'SSO.000000010.01', '000000000000000000000000', null, null, null, null, null, null, null, null, null, null, null);


INSERT INTO ESB_NODE (APPCD, MBRCD, NAME, APPATTR, SIGBEANID, SIGCNTBEANID, PUBLICKEY, DESKEY, HOST, LOCALPORT, ACCESSTYPE, FABEANID, BABEANID, ECHOMSGCD, EXT1, EXT2, EXT3, PUBLISHDT, EFFECTDT, LOCATION, SYNRESPONSE2QM, AUTHMSGCD, HTTPURI, QMGR, REMARK, LASTUPDTM, USERCD, ACTIONNM, VERDT, VERSTATUS, LOCATIONNO, SLAMAXCON, SLAAVGCOST, SLAMAXCOST, SLARECOVERY, SLASUCRATIO, REPLYTOQ) VALUES ('CMIS', ' ', '信用险', '003000000000000000000000', null, null, null, null, null, null, '3', null, 'esbCmisCMsgConverter', null, null, null, null, '20121219', '20990909', null, null, null, null, null, '服务:http+自定义XML', '2015-04-14 00:43:46', 'ESB', '4', '20150101', '1', null, null, null, null, null, null, null);
INSERT INTO ESB_NODE (APPCD, MBRCD, NAME, APPATTR, SIGBEANID, SIGCNTBEANID, PUBLICKEY, DESKEY, HOST, LOCALPORT, ACCESSTYPE, FABEANID, BABEANID, ECHOMSGCD, EXT1, EXT2, EXT3, PUBLISHDT, EFFECTDT, LOCATION, SYNRESPONSE2QM, AUTHMSGCD, HTTPURI, QMGR, REMARK, LASTUPDTM, USERCD, ACTIONNM, VERDT, VERSTATUS, LOCATIONNO, SLAMAXCON, SLAAVGCOST, SLAMAXCOST, SLARECOVERY, SLASUCRATIO, REPLYTOQ) VALUES ('CMS', ' ', '信贷管理系统', '003000000000000000000000', null, null, null, null, null, null, '3', null, null, null, null, null, null, '20121219', '20990909', null, null, null, null, null, '请求:ESB2+XML,服务:ESB2+XML', '2015-04-14 00:43:46', 'ESB', '4', '20150101', '1', null, null, null, null, null, null, null);
INSERT INTO ESB_NODE (APPCD, MBRCD, NAME, APPATTR, SIGBEANID, SIGCNTBEANID, PUBLICKEY, DESKEY, HOST, LOCALPORT, ACCESSTYPE, FABEANID, BABEANID, ECHOMSGCD, EXT1, EXT2, EXT3, PUBLISHDT, EFFECTDT, LOCATION, SYNRESPONSE2QM, AUTHMSGCD, HTTPURI, QMGR, REMARK, LASTUPDTM, USERCD, ACTIONNM, VERDT, VERSTATUS, LOCATIONNO, SLAMAXCON, SLAAVGCOST, SLAMAXCOST, SLARECOVERY, SLASUCRATIO, REPLYTOQ) VALUES ('DUBBO', ' ', '内部Dubbo服务平台', '200000000000001000000000', null, null, null, null, null, null, '3', null, null, null, null, null, null, '20121219', '20990909', null, null, '*', null, null, null, '2015-04-14 00:43:46', 'ESB', '4', '20150101', '1', null, null, null, null, null, null, null);
INSERT INTO ESB_NODE (APPCD, MBRCD, NAME, APPATTR, SIGBEANID, SIGCNTBEANID, PUBLICKEY, DESKEY, HOST, LOCALPORT, ACCESSTYPE, FABEANID, BABEANID, ECHOMSGCD, EXT1, EXT2, EXT3, PUBLISHDT, EFFECTDT, LOCATION, SYNRESPONSE2QM, AUTHMSGCD, HTTPURI, QMGR, REMARK, LASTUPDTM, USERCD, ACTIONNM, VERDT, VERSTATUS, LOCATIONNO, SLAMAXCON, SLAAVGCOST, SLAMAXCOST, SLARECOVERY, SLASUCRATIO, REPLYTOQ) VALUES ('ECIF', ' ', '企业级客户信息工厂', '003000000000000000000000', null, null, null, null, null, null, '3', null, null, null, null, null, null, '20121219', '20990909', null, null, null, null, null, '请求:ESB2+XML,服务:自有MQ+XML', '2015-04-14 00:43:46', 'ESB', '4', '20150101', '1', null, null, null, null, null, null, null);
INSERT INTO ESB_NODE (APPCD, MBRCD, NAME, APPATTR, SIGBEANID, SIGCNTBEANID, PUBLICKEY, DESKEY, HOST, LOCALPORT, ACCESSTYPE, FABEANID, BABEANID, ECHOMSGCD, EXT1, EXT2, EXT3, PUBLISHDT, EFFECTDT, LOCATION, SYNRESPONSE2QM, AUTHMSGCD, HTTPURI, QMGR, REMARK, LASTUPDTM, USERCD, ACTIONNM, VERDT, VERSTATUS, LOCATIONNO, SLAMAXCON, SLAAVGCOST, SLAMAXCOST, SLARECOVERY, SLASUCRATIO, REPLYTOQ) VALUES ('ESB', ' ', '企业服务总线', '200000000000001000000000', null, null, null, null, null, null, '3', null, null, null, null, null, null, '20121219', '20990909', null, null, '*', null, null, null, '2015-04-14 00:43:46', 'ESB', '4', '20150101', '1', null, null, null, null, null, null, null);
INSERT INTO ESB_NODE (APPCD, MBRCD, NAME, APPATTR, SIGBEANID, SIGCNTBEANID, PUBLICKEY, DESKEY, HOST, LOCALPORT, ACCESSTYPE, FABEANID, BABEANID, ECHOMSGCD, EXT1, EXT2, EXT3, PUBLISHDT, EFFECTDT, LOCATION, SYNRESPONSE2QM, AUTHMSGCD, HTTPURI, QMGR, REMARK, LASTUPDTM, USERCD, ACTIONNM, VERDT, VERSTATUS, LOCATIONNO, SLAMAXCON, SLAAVGCOST, SLAMAXCOST, SLARECOVERY, SLASUCRATIO, REPLYTOQ) VALUES ('RPEDUE', ' ', '安邦财险收付系统', '003000000000000000000000', null, null, null, null, null, null, '3', null, 'esbRpedueCMsgConverter', null, null, null, null, '20121219', '20990909', null, null, null, null, null, '服务:http+自定义XML', '2015-04-14 00:43:46', 'ESB', '4', '20150101', '1', null, null, null, null, null, null, null);
INSERT INTO ESB_NODE (APPCD, MBRCD, NAME, APPATTR, SIGBEANID, SIGCNTBEANID, PUBLICKEY, DESKEY, HOST, LOCALPORT, ACCESSTYPE, FABEANID, BABEANID, ECHOMSGCD, EXT1, EXT2, EXT3, PUBLISHDT, EFFECTDT, LOCATION, SYNRESPONSE2QM, AUTHMSGCD, HTTPURI, QMGR, REMARK, LASTUPDTM, USERCD, ACTIONNM, VERDT, VERSTATUS, LOCATIONNO, SLAMAXCON, SLAAVGCOST, SLAMAXCOST, SLARECOVERY, SLASUCRATIO, REPLYTOQ) VALUES ('RVSL', ' ', '冲正模块', '000000000000001000000000', null, null, null, null, null, null, '0', null, null, null, null, null, null, '20120401', '20990909', null, null, null, null, null, null, '2015-04-14 00:43:46', 'ESB', '4', '20150101', '1', null, null, null, null, null, null, null);
INSERT INTO ESB_NODE (APPCD, MBRCD, NAME, APPATTR, SIGBEANID, SIGCNTBEANID, PUBLICKEY, DESKEY, HOST, LOCALPORT, ACCESSTYPE, FABEANID, BABEANID, ECHOMSGCD, EXT1, EXT2, EXT3, PUBLISHDT, EFFECTDT, LOCATION, SYNRESPONSE2QM, AUTHMSGCD, HTTPURI, QMGR, REMARK, LASTUPDTM, USERCD, ACTIONNM, VERDT, VERSTATUS, LOCATIONNO, SLAMAXCON, SLAAVGCOST, SLAMAXCOST, SLARECOVERY, SLASUCRATIO, REPLYTOQ) VALUES ('SMS', ' ', '短信平台', '003000000000001000000000', null, null, null, null, null, null, '3', null, 'esbSmsCMsgConverter', null, null, null, null, '20121219', '20990909', null, null, null, null, null, '请求:ESB2+XML,服务:ESB2+XML', '2015-04-14 00:43:46', 'ESB', '4', '20150101', '1', 6, null, null, null, null, null, null);
INSERT INTO ESB_NODE (APPCD, MBRCD, NAME, APPATTR, SIGBEANID, SIGCNTBEANID, PUBLICKEY, DESKEY, HOST, LOCALPORT, ACCESSTYPE, FABEANID, BABEANID, ECHOMSGCD, EXT1, EXT2, EXT3, PUBLISHDT, EFFECTDT, LOCATION, SYNRESPONSE2QM, AUTHMSGCD, HTTPURI, QMGR, REMARK, LASTUPDTM, USERCD, ACTIONNM, VERDT, VERSTATUS, LOCATIONNO, SLAMAXCON, SLAAVGCOST, SLAMAXCOST, SLARECOVERY, SLASUCRATIO, REPLYTOQ) VALUES ('SSO', ' ', '单点登录', '003000000000000000000000', null, null, null, null, null, null, '3', null, 'esbJSCMsgConverter', null, null, null, null, '20121219', '20990909', null, null, null, null, null, '请求:自有MQ+XML,服务:jsoncall', '2015-04-14 00:43:46', 'ESB', '4', '20150101', '1', 7, null, null, null, null, null, null);


INSERT INTO ESB_MSGSCHEMA (MSGCD, SEQ, PARENTSEQ, ESBNAME, RCVNAME, FDESC, FTYP, MINLEN, MAXLEN, DECI, OPTIONAL, ENCRYPT, SIG, REVERSAL, ISO8583, FIXMSG, CMTTAG, FVMAPID, CVTR, FTL, VALIDATOR, PATTERN, DEFVALUE, EXT1, EXT2, EXT3, TAGATTR, METADATA) VALUES ('CMIS.BRH10.01', 1, 0, 'applicant', 'Applicant', '申请人信息', 'M', '0', '136', 0, 'M', 'N', 'N', null, null, null, null, null, null, null, null, null, null, null, null, null, '00000000000000000000000000000000', null);
INSERT INTO ESB_MSGSCHEMA (MSGCD, SEQ, PARENTSEQ, ESBNAME, RCVNAME, FDESC, FTYP, MINLEN, MAXLEN, DECI, OPTIONAL, ENCRYPT, SIG, REVERSAL, ISO8583, FIXMSG, CMTTAG, FVMAPID, CVTR, FTL, VALIDATOR, PATTERN, DEFVALUE, EXT1, EXT2, EXT3, TAGATTR, METADATA) VALUES ('CMIS.BRH10.01', 2, 1, 'cname', 'CName', '客户姓名', 'S', '0', '136', 0, 'M', 'N', 'N', null, null, null, null, null, null, null, null, null, null, null, null, null, '00010000000000000000000000000000', null);
INSERT INTO ESB_MSGSCHEMA (MSGCD, SEQ, PARENTSEQ, ESBNAME, RCVNAME, FDESC, FTYP, MINLEN, MAXLEN, DECI, OPTIONAL, ENCRYPT, SIG, REVERSAL, ISO8583, FIXMSG, CMTTAG, FVMAPID, CVTR, FTL, VALIDATOR, PATTERN, DEFVALUE, EXT1, EXT2, EXT3, TAGATTR, METADATA) VALUES ('CMIS.BRH10.01', 3, 1, 'cardNum', 'CardNum', '证件号码', 'S', '0', '136', 0, 'M', 'N', 'N', null, null, null, null, null, null, null, null, null, null, null, null, null, '00020000000000000000000000000000', null);
INSERT INTO ESB_MSGSCHEMA (MSGCD, SEQ, PARENTSEQ, ESBNAME, RCVNAME, FDESC, FTYP, MINLEN, MAXLEN, DECI, OPTIONAL, ENCRYPT, SIG, REVERSAL, ISO8583, FIXMSG, CMTTAG, FVMAPID, CVTR, FTL, VALIDATOR, PATTERN, DEFVALUE, EXT1, EXT2, EXT3, TAGATTR, METADATA) VALUES ('CMIS.BRH10.01', 4, 1, 'sex', 'Sex', '姓别', 'S', '0', '136', 0, 'M', 'N', 'N', null, null, null, null, null, null, null, null, null, null, null, null, null, '00030000000000000000000000000000', null);
INSERT INTO ESB_MSGSCHEMA (MSGCD, SEQ, PARENTSEQ, ESBNAME, RCVNAME, FDESC, FTYP, MINLEN, MAXLEN, DECI, OPTIONAL, ENCRYPT, SIG, REVERSAL, ISO8583, FIXMSG, CMTTAG, FVMAPID, CVTR, FTL, VALIDATOR, PATTERN, DEFVALUE, EXT1, EXT2, EXT3, TAGATTR, METADATA) VALUES ('CMIS.BRH10.01', 5, 1, 'mobilePhone', 'MobilePhone', '移动电话', 'S', '0', '136', 0, 'M', 'N', 'N', null, null, null, null, null, null, null, null, null, null, null, null, null, '00040000000000000000000000000000', null);
INSERT INTO ESB_MSGSCHEMA (MSGCD, SEQ, PARENTSEQ, ESBNAME, RCVNAME, FDESC, FTYP, MINLEN, MAXLEN, DECI, OPTIONAL, ENCRYPT, SIG, REVERSAL, ISO8583, FIXMSG, CMTTAG, FVMAPID, CVTR, FTL, VALIDATOR, PATTERN, DEFVALUE, EXT1, EXT2, EXT3, TAGATTR, METADATA) VALUES ('CMIS.BRH10.01', 6, 1, 'email', 'Email', '电子邮件', 'S', '0', '136', 0, 'M', 'N', 'N', null, null, null, null, null, null, null, null, null, null, null, null, null, '00000000000000000000000000000000', null);
INSERT INTO ESB_MSGSCHEMA (MSGCD, SEQ, PARENTSEQ, ESBNAME, RCVNAME, FDESC, FTYP, MINLEN, MAXLEN, DECI, OPTIONAL, ENCRYPT, SIG, REVERSAL, ISO8583, FIXMSG, CMTTAG, FVMAPID, CVTR, FTL, VALIDATOR, PATTERN, DEFVALUE, EXT1, EXT2, EXT3, TAGATTR, METADATA) VALUES ('CMIS.BRH10.01', 7, 1, 'educationLevel', 'EducationLevel', '学历', 'S', '0', '136', 0, 'O', 'N', 'N', null, null, null, null, null, null, null, null, null, null, null, null, null, '00000000000000000000000000000000', null);
INSERT INTO ESB_MSGSCHEMA (MSGCD, SEQ, PARENTSEQ, ESBNAME, RCVNAME, FDESC, FTYP, MINLEN, MAXLEN, DECI, OPTIONAL, ENCRYPT, SIG, REVERSAL, ISO8583, FIXMSG, CMTTAG, FVMAPID, CVTR, FTL, VALIDATOR, PATTERN, DEFVALUE, EXT1, EXT2, EXT3, TAGATTR, METADATA) VALUES ('CMIS.BRH10.01', 8, 1, 'birthday', 'Birthday', '出生日期', 'S', '0', '136', 0, 'O', 'N', 'N', null, null, null, null, null, null, null, null, null, null, null, null, null, '00000000000000000000000000000000', null);
INSERT INTO ESB_MSGSCHEMA (MSGCD, SEQ, PARENTSEQ, ESBNAME, RCVNAME, FDESC, FTYP, MINLEN, MAXLEN, DECI, OPTIONAL, ENCRYPT, SIG, REVERSAL, ISO8583, FIXMSG, CMTTAG, FVMAPID, CVTR, FTL, VALIDATOR, PATTERN, DEFVALUE, EXT1, EXT2, EXT3, TAGATTR, METADATA) VALUES ('CMIS.BRH10.01', 9, 1, 'address', 'Address', '居住地址', 'S', '0', '136', 0, 'O', 'N', 'N', null, null, null, null, null, null, null, null, null, null, null, null, null, '00000000000000000000000000000000', null);
INSERT INTO ESB_MSGSCHEMA (MSGCD, SEQ, PARENTSEQ, ESBNAME, RCVNAME, FDESC, FTYP, MINLEN, MAXLEN, DECI, OPTIONAL, ENCRYPT, SIG, REVERSAL, ISO8583, FIXMSG, CMTTAG, FVMAPID, CVTR, FTL, VALIDATOR, PATTERN, DEFVALUE, EXT1, EXT2, EXT3, TAGATTR, METADATA) VALUES ('CMIS.BRH10.01', 10, 1, 'postCode', 'PostCode', '居住地址邮编', 'S', '0', '136', 0, 'O', 'N', 'N', null, null, null, null, null, null, null, null, null, null, null, null, null, '00000000000000000000000000000000', null);
INSERT INTO ESB_MSGSCHEMA (MSGCD, SEQ, PARENTSEQ, ESBNAME, RCVNAME, FDESC, FTYP, MINLEN, MAXLEN, DECI, OPTIONAL, ENCRYPT, SIG, REVERSAL, ISO8583, FIXMSG, CMTTAG, FVMAPID, CVTR, FTL, VALIDATOR, PATTERN, DEFVALUE, EXT1, EXT2, EXT3, TAGATTR, METADATA) VALUES ('CMIS.BRH10.01', 11, 1, 'addressStatus', 'AddressStatus', '住房情况', 'S', '0', '136', 0, 'O', 'N', 'N', null, null, null, null, null, null, null, null, null, null, null, null, null, '00000000000000000000000000000000', null);
INSERT INTO ESB_MSGSCHEMA (MSGCD, SEQ, PARENTSEQ, ESBNAME, RCVNAME, FDESC, FTYP, MINLEN, MAXLEN, DECI, OPTIONAL, ENCRYPT, SIG, REVERSAL, ISO8583, FIXMSG, CMTTAG, FVMAPID, CVTR, FTL, VALIDATOR, PATTERN, DEFVALUE, EXT1, EXT2, EXT3, TAGATTR, METADATA) VALUES ('CMIS.BRH10.01', 12, 1, 'marrige', 'Marrige', '婚姻状况', 'S', '0', '136', 0, 'O', 'N', 'N', null, null, null, null, null, null, null, null, null, null, null, null, null, '00000000000000000000000000000000', null);
INSERT INTO ESB_MSGSCHEMA (MSGCD, SEQ, PARENTSEQ, ESBNAME, RCVNAME, FDESC, FTYP, MINLEN, MAXLEN, DECI, OPTIONAL, ENCRYPT, SIG, REVERSAL, ISO8583, FIXMSG, CMTTAG, FVMAPID, CVTR, FTL, VALIDATOR, PATTERN, DEFVALUE, EXT1, EXT2, EXT3, TAGATTR, METADATA) VALUES ('CMIS.BRH10.01', 13, 1, 'indsType', 'IndsType', '行业类别', 'S', '0', '136', 0, 'O', 'N', 'N', null, null, null, null, null, null, null, null, null, null, null, null, null, '00000000000000000000000000000000', null);
INSERT INTO ESB_MSGSCHEMA (MSGCD, SEQ, PARENTSEQ, ESBNAME, RCVNAME, FDESC, FTYP, MINLEN, MAXLEN, DECI, OPTIONAL, ENCRYPT, SIG, REVERSAL, ISO8583, FIXMSG, CMTTAG, FVMAPID, CVTR, FTL, VALIDATOR, PATTERN, DEFVALUE, EXT1, EXT2, EXT3, TAGATTR, METADATA) VALUES ('CMIS.BRH10.01', 14, 1, 'employer', 'Employer', '工作单位名称', 'S', '0', '136', 0, 'O', 'N', 'N', null, null, null, null, null, null, null, null, null, null, null, null, null, '00000000000000000000000000000000', null);
INSERT INTO ESB_MSGSCHEMA (MSGCD, SEQ, PARENTSEQ, ESBNAME, RCVNAME, FDESC, FTYP, MINLEN, MAXLEN, DECI, OPTIONAL, ENCRYPT, SIG, REVERSAL, ISO8583, FIXMSG, CMTTAG, FVMAPID, CVTR, FTL, VALIDATOR, PATTERN, DEFVALUE, EXT1, EXT2, EXT3, TAGATTR, METADATA) VALUES ('CMIS.BRH10.01', 15, 1, 'officePhone', 'OfficePhone', '单位电话', 'S', '0', '136', 0, 'O', 'N', 'N', null, null, null, null, null, null, null, null, null, null, null, null, null, '00000000000000000000000000000000', null);
INSERT INTO ESB_MSGSCHEMA (MSGCD, SEQ, PARENTSEQ, ESBNAME, RCVNAME, FDESC, FTYP, MINLEN, MAXLEN, DECI, OPTIONAL, ENCRYPT, SIG, REVERSAL, ISO8583, FIXMSG, CMTTAG, FVMAPID, CVTR, FTL, VALIDATOR, PATTERN, DEFVALUE, EXT1, EXT2, EXT3, TAGATTR, METADATA) VALUES ('CMIS.BRH10.01', 16, 0, 'plyInfo', 'PlyInfo', '保单信息', 'M', '0', '136', 0, 'M', 'N', 'N', null, null, null, null, null, null, null, null, null, null, null, null, null, '00000000000000000000000000000000', null);
INSERT INTO ESB_MSGSCHEMA (MSGCD, SEQ, PARENTSEQ, ESBNAME, RCVNAME, FDESC, FTYP, MINLEN, MAXLEN, DECI, OPTIONAL, ENCRYPT, SIG, REVERSAL, ISO8583, FIXMSG, CMTTAG, FVMAPID, CVTR, FTL, VALIDATOR, PATTERN, DEFVALUE, EXT1, EXT2, EXT3, TAGATTR, METADATA) VALUES ('CMIS.BRH10.01', 17, 16, 'channelSerialNo', 'ChannelSerialNo', '进件渠道号', 'S', '0', '136', 0, 'M', 'N', 'N', null, null, null, null, null, null, null, null, null, null, null, null, null, '00000000000000000000000000000000', null);
INSERT INTO ESB_MSGSCHEMA (MSGCD, SEQ, PARENTSEQ, ESBNAME, RCVNAME, FDESC, FTYP, MINLEN, MAXLEN, DECI, OPTIONAL, ENCRYPT, SIG, REVERSAL, ISO8583, FIXMSG, CMTTAG, FVMAPID, CVTR, FTL, VALIDATOR, PATTERN, DEFVALUE, EXT1, EXT2, EXT3, TAGATTR, METADATA) VALUES ('CMIS.BRH10.01', 18, 16, 'groupName', 'GroupName', '业务归属机构', 'S', '0', '136', 0, 'M', 'N', 'N', null, null, null, null, null, null, null, null, null, null, null, null, null, '00000000000000000000000000000000', null);
INSERT INTO ESB_MSGSCHEMA (MSGCD, SEQ, PARENTSEQ, ESBNAME, RCVNAME, FDESC, FTYP, MINLEN, MAXLEN, DECI, OPTIONAL, ENCRYPT, SIG, REVERSAL, ISO8583, FIXMSG, CMTTAG, FVMAPID, CVTR, FTL, VALIDATOR, PATTERN, DEFVALUE, EXT1, EXT2, EXT3, TAGATTR, METADATA) VALUES ('CMIS.BRH10.01', 19, 16, 'plyNO', 'PlyNO', '保单号', 'S', '0', '136', 0, 'M', 'N', 'N', null, null, null, null, null, null, null, null, null, null, null, null, null, '00005000000000000000000000000000', null);
INSERT INTO ESB_MSGSCHEMA (MSGCD, SEQ, PARENTSEQ, ESBNAME, RCVNAME, FDESC, FTYP, MINLEN, MAXLEN, DECI, OPTIONAL, ENCRYPT, SIG, REVERSAL, ISO8583, FIXMSG, CMTTAG, FVMAPID, CVTR, FTL, VALIDATOR, PATTERN, DEFVALUE, EXT1, EXT2, EXT3, TAGATTR, METADATA) VALUES ('CMIS.BRH10.01', 20, 16, 'loanAmt', 'LoanAmt', '申请金额', 'S', '0', '136', 0, 'M', 'N', 'N', null, null, null, null, null, null, null, null, null, null, null, null, null, '00000000000000000000000000000000', null);
INSERT INTO ESB_MSGSCHEMA (MSGCD, SEQ, PARENTSEQ, ESBNAME, RCVNAME, FDESC, FTYP, MINLEN, MAXLEN, DECI, OPTIONAL, ENCRYPT, SIG, REVERSAL, ISO8583, FIXMSG, CMTTAG, FVMAPID, CVTR, FTL, VALIDATOR, PATTERN, DEFVALUE, EXT1, EXT2, EXT3, TAGATTR, METADATA) VALUES ('CMIS.BRH10.01', 21, 16, 'term', 'Term', '期限数', 'S', '0', '136', 0, 'M', 'N', 'N', null, null, null, null, null, null, null, null, null, null, null, null, null, '00000000000000000000000000000000', null);
INSERT INTO ESB_MSGSCHEMA (MSGCD, SEQ, PARENTSEQ, ESBNAME, RCVNAME, FDESC, FTYP, MINLEN, MAXLEN, DECI, OPTIONAL, ENCRYPT, SIG, REVERSAL, ISO8583, FIXMSG, CMTTAG, FVMAPID, CVTR, FTL, VALIDATOR, PATTERN, DEFVALUE, EXT1, EXT2, EXT3, TAGATTR, METADATA) VALUES ('CMIS.BRH10.01', 22, 16, 'termUnit', 'TermUnit', '期限单位', 'S', '0', '136', 0, 'M', 'N', 'N', null, null, null, null, null, null, null, null, null, null, null, null, null, '00000000000000000000000000000000', null);
INSERT INTO ESB_MSGSCHEMA (MSGCD, SEQ, PARENTSEQ, ESBNAME, RCVNAME, FDESC, FTYP, MINLEN, MAXLEN, DECI, OPTIONAL, ENCRYPT, SIG, REVERSAL, ISO8583, FIXMSG, CMTTAG, FVMAPID, CVTR, FTL, VALIDATOR, PATTERN, DEFVALUE, EXT1, EXT2, EXT3, TAGATTR, METADATA) VALUES ('CMIS.BRH10.01', 23, 16, 'appPlyNo', 'AppPlyNo', '投保单号', 'S', '0', '136', 0, 'M', 'N', 'N', null, null, null, null, null, null, null, null, null, null, null, null, null, '00000000000000000000000000000000', null);
INSERT INTO ESB_MSGSCHEMA (MSGCD, SEQ, PARENTSEQ, ESBNAME, RCVNAME, FDESC, FTYP, MINLEN, MAXLEN, DECI, OPTIONAL, ENCRYPT, SIG, REVERSAL, ISO8583, FIXMSG, CMTTAG, FVMAPID, CVTR, FTL, VALIDATOR, PATTERN, DEFVALUE, EXT1, EXT2, EXT3, TAGATTR, METADATA) VALUES ('CMIS.BRH10.01', 24, 16, 'insureAmt', 'InsureAmt', '保费', 'S', '0', '136', 0, 'M', 'N', 'N', null, null, null, null, null, null, null, null, null, null, null, null, null, '00000000000000000000000000000000', null);
INSERT INTO ESB_MSGSCHEMA (MSGCD, SEQ, PARENTSEQ, ESBNAME, RCVNAME, FDESC, FTYP, MINLEN, MAXLEN, DECI, OPTIONAL, ENCRYPT, SIG, REVERSAL, ISO8583, FIXMSG, CMTTAG, FVMAPID, CVTR, FTL, VALIDATOR, PATTERN, DEFVALUE, EXT1, EXT2, EXT3, TAGATTR, METADATA) VALUES ('CMIS.BRH10.01', 25, 16, 'createrTime', 'CreaterTime', null, 'S', '0', '136', 0, 'O', 'N', 'N', null, null, null, null, null, null, null, null, null, null, null, null, null, '00000000000000000000000000000000', null);
INSERT INTO ESB_MSGSCHEMA (MSGCD, SEQ, PARENTSEQ, ESBNAME, RCVNAME, FDESC, FTYP, MINLEN, MAXLEN, DECI, OPTIONAL, ENCRYPT, SIG, REVERSAL, ISO8583, FIXMSG, CMTTAG, FVMAPID, CVTR, FTL, VALIDATOR, PATTERN, DEFVALUE, EXT1, EXT2, EXT3, TAGATTR, METADATA) VALUES ('CMIS.BRH10.01', 26, 16, 'isRapid', 'IsRapid', null, 'S', '0', '136', 0, 'O', 'N', 'N', null, null, null, null, null, null, null, null, null, null, null, null, null, '00000000000000000000000000000000', null);
INSERT INTO ESB_MSGSCHEMA (MSGCD, SEQ, PARENTSEQ, ESBNAME, RCVNAME, FDESC, FTYP, MINLEN, MAXLEN, DECI, OPTIONAL, ENCRYPT, SIG, REVERSAL, ISO8583, FIXMSG, CMTTAG, FVMAPID, CVTR, FTL, VALIDATOR, PATTERN, DEFVALUE, EXT1, EXT2, EXT3, TAGATTR, METADATA) VALUES ('CMIS.BRH10.01', 27, 16, 'insureBeginTm', 'InsureBeginTm', '开始时间', 'S', '0', '136', 0, 'O', 'N', 'N', null, null, null, null, null, null, null, null, null, null, null, null, null, '00000000000000000000000000000000', null);
INSERT INTO ESB_MSGSCHEMA (MSGCD, SEQ, PARENTSEQ, ESBNAME, RCVNAME, FDESC, FTYP, MINLEN, MAXLEN, DECI, OPTIONAL, ENCRYPT, SIG, REVERSAL, ISO8583, FIXMSG, CMTTAG, FVMAPID, CVTR, FTL, VALIDATOR, PATTERN, DEFVALUE, EXT1, EXT2, EXT3, TAGATTR, METADATA) VALUES ('CMIS.BRH10.01', 28, 16, 'insureEndTm', 'InsureEndTm', '结束时间', 'S', '0', '136', 0, 'O', 'N', 'N', null, null, null, null, null, null, null, null, null, null, null, null, null, '00000000000000000000000000000000', null);
INSERT INTO ESB_MSGSCHEMA (MSGCD, SEQ, PARENTSEQ, ESBNAME, RCVNAME, FDESC, FTYP, MINLEN, MAXLEN, DECI, OPTIONAL, ENCRYPT, SIG, REVERSAL, ISO8583, FIXMSG, CMTTAG, FVMAPID, CVTR, FTL, VALIDATOR, PATTERN, DEFVALUE, EXT1, EXT2, EXT3, TAGATTR, METADATA) VALUES ('CMIS.BRH10.01', 29, 16, 'insureFee', 'InsureFee', '保费', 'S', '0', '136', 0, 'O', 'N', 'N', null, null, null, null, null, null, null, null, null, null, null, null, null, '00000000000000000000000000000000', null);
INSERT INTO ESB_MSGSCHEMA (MSGCD, SEQ, PARENTSEQ, ESBNAME, RCVNAME, FDESC, FTYP, MINLEN, MAXLEN, DECI, OPTIONAL, ENCRYPT, SIG, REVERSAL, ISO8583, FIXMSG, CMTTAG, FVMAPID, CVTR, FTL, VALIDATOR, PATTERN, DEFVALUE, EXT1, EXT2, EXT3, TAGATTR, METADATA) VALUES ('CMIS.BRH10.01', 30, 16, 'guaranteeForm', 'GuaranteeForm', '保证形式', 'S', '0', '136', 0, 'O', 'N', 'N', null, null, null, null, null, null, null, null, null, null, null, null, null, '00000000000000000000000000000000', null);
INSERT INTO ESB_MSGSCHEMA (MSGCD, SEQ, PARENTSEQ, ESBNAME, RCVNAME, FDESC, FTYP, MINLEN, MAXLEN, DECI, OPTIONAL, ENCRYPT, SIG, REVERSAL, ISO8583, FIXMSG, CMTTAG, FVMAPID, CVTR, FTL, VALIDATOR, PATTERN, DEFVALUE, EXT1, EXT2, EXT3, TAGATTR, METADATA) VALUES ('CMIS.BRH10.01', 31, 16, 'guarantyType', 'GuarantyType', '保证类型', 'S', '0', '136', 0, 'O', 'N', 'N', null, null, null, null, null, null, null, null, null, null, null, null, null, '00000000000000000000000000000000', null);
INSERT INTO ESB_MSGSCHEMA (MSGCD, SEQ, PARENTSEQ, ESBNAME, RCVNAME, FDESC, FTYP, MINLEN, MAXLEN, DECI, OPTIONAL, ENCRYPT, SIG, REVERSAL, ISO8583, FIXMSG, CMTTAG, FVMAPID, CVTR, FTL, VALIDATOR, PATTERN, DEFVALUE, EXT1, EXT2, EXT3, TAGATTR, METADATA) VALUES ('CMIS.BRH10.01', 32, 16, 'updateTime', 'UpdateTime', '修改时间', 'S', '0', '136', 0, 'O', 'N', 'N', null, null, null, null, null, null, null, null, null, null, null, null, null, '00000000000000000000000000000000', null);
INSERT INTO ESB_MSGSCHEMA (MSGCD, SEQ, PARENTSEQ, ESBNAME, RCVNAME, FDESC, FTYP, MINLEN, MAXLEN, DECI, OPTIONAL, ENCRYPT, SIG, REVERSAL, ISO8583, FIXMSG, CMTTAG, FVMAPID, CVTR, FTL, VALIDATOR, PATTERN, DEFVALUE, EXT1, EXT2, EXT3, TAGATTR, METADATA) VALUES ('CMIS.BRH11.01', 1, 0, 'plyNO', 'PlyNO', '保单号', 'S', '0', '136', 0, 'M', 'N', 'N', null, null, null, null, null, null, null, null, null, null, null, null, null, '00000000000000000000000000000000', null);
INSERT INTO ESB_MSGSCHEMA (MSGCD, SEQ, PARENTSEQ, ESBNAME, RCVNAME, FDESC, FTYP, MINLEN, MAXLEN, DECI, OPTIONAL, ENCRYPT, SIG, REVERSAL, ISO8583, FIXMSG, CMTTAG, FVMAPID, CVTR, FTL, VALIDATOR, PATTERN, DEFVALUE, EXT1, EXT2, EXT3, TAGATTR, METADATA) VALUES ('CMIS.BRH11.01', 2, 0, 'resultCode', 'ResultCode', '返回结果编码', 'S', '0', '136', 0, 'M', 'N', 'N', null, null, null, null, null, null, null, null, null, null, null, null, null, '00000000000000000000000000000000', null);
INSERT INTO ESB_MSGSCHEMA (MSGCD, SEQ, PARENTSEQ, ESBNAME, RCVNAME, FDESC, FTYP, MINLEN, MAXLEN, DECI, OPTIONAL, ENCRYPT, SIG, REVERSAL, ISO8583, FIXMSG, CMTTAG, FVMAPID, CVTR, FTL, VALIDATOR, PATTERN, DEFVALUE, EXT1, EXT2, EXT3, TAGATTR, METADATA) VALUES ('CMIS.BRH11.01', 3, 0, 'resultMsg', 'ResultMsg', '返回结果描述', 'S', '0', '136', 0, 'M', 'N', 'N', null, null, null, null, null, null, null, null, null, null, null, null, null, '00000000000000000000000000000000', null);
INSERT INTO ESB_MSGSCHEMA (MSGCD, SEQ, PARENTSEQ, ESBNAME, RCVNAME, FDESC, FTYP, MINLEN, MAXLEN, DECI, OPTIONAL, ENCRYPT, SIG, REVERSAL, ISO8583, FIXMSG, CMTTAG, FVMAPID, CVTR, FTL, VALIDATOR, PATTERN, DEFVALUE, EXT1, EXT2, EXT3, TAGATTR, METADATA) VALUES ('CMIS.BRH30.01', 1, 0, 'plyNo', 'PlyNo', '保单号', 'S', '0', '136', 0, 'M', 'N', 'N', null, null, null, null, null, null, null, null, null, null, null, null, null, '00000000000000000000000000000000', null);
INSERT INTO ESB_MSGSCHEMA (MSGCD, SEQ, PARENTSEQ, ESBNAME, RCVNAME, FDESC, FTYP, MINLEN, MAXLEN, DECI, OPTIONAL, ENCRYPT, SIG, REVERSAL, ISO8583, FIXMSG, CMTTAG, FVMAPID, CVTR, FTL, VALIDATOR, PATTERN, DEFVALUE, EXT1, EXT2, EXT3, TAGATTR, METADATA) VALUES ('CMIS.BRH30.01', 2, 0, 'cavNo', 'CavNo', '订单号', 'S', '0', '136', 0, 'M', 'N', 'N', null, null, null, null, null, null, null, null, null, null, null, null, null, '00000000000000000000000000000000', null);
INSERT INTO ESB_MSGSCHEMA (MSGCD, SEQ, PARENTSEQ, ESBNAME, RCVNAME, FDESC, FTYP, MINLEN, MAXLEN, DECI, OPTIONAL, ENCRYPT, SIG, REVERSAL, ISO8583, FIXMSG, CMTTAG, FVMAPID, CVTR, FTL, VALIDATOR, PATTERN, DEFVALUE, EXT1, EXT2, EXT3, TAGATTR, METADATA) VALUES ('CMIS.BRH30.01', 3, 0, 'checkResult', 'CheckResult', '核保结果', 'S', '0', '136', 0, 'M', 'N', 'N', null, null, null, null, null, null, null, null, null, null, null, null, null, '00000000000000000000000000000000', null);
INSERT INTO ESB_MSGSCHEMA (MSGCD, SEQ, PARENTSEQ, ESBNAME, RCVNAME, FDESC, FTYP, MINLEN, MAXLEN, DECI, OPTIONAL, ENCRYPT, SIG, REVERSAL, ISO8583, FIXMSG, CMTTAG, FVMAPID, CVTR, FTL, VALIDATOR, PATTERN, DEFVALUE, EXT1, EXT2, EXT3, TAGATTR, METADATA) VALUES ('CMIS.BRH31.01', 1, 0, 'plyNO', 'PlyNO', '保单号', 'S', '0', '136', 0, 'M', 'N', 'N', null, null, null, null, null, null, null, null, null, null, null, null, null, '00000000000000000000000000000000', null);
INSERT INTO ESB_MSGSCHEMA (MSGCD, SEQ, PARENTSEQ, ESBNAME, RCVNAME, FDESC, FTYP, MINLEN, MAXLEN, DECI, OPTIONAL, ENCRYPT, SIG, REVERSAL, ISO8583, FIXMSG, CMTTAG, FVMAPID, CVTR, FTL, VALIDATOR, PATTERN, DEFVALUE, EXT1, EXT2, EXT3, TAGATTR, METADATA) VALUES ('CMIS.BRH31.01', 2, 0, 'resultCode', 'ResultCode', '返回结果编码', 'S', '0', '136', 0, 'M', 'N', 'N', null, null, null, null, null, null, null, null, null, null, null, null, null, '00000000000000000000000000000000', null);
INSERT INTO ESB_MSGSCHEMA (MSGCD, SEQ, PARENTSEQ, ESBNAME, RCVNAME, FDESC, FTYP, MINLEN, MAXLEN, DECI, OPTIONAL, ENCRYPT, SIG, REVERSAL, ISO8583, FIXMSG, CMTTAG, FVMAPID, CVTR, FTL, VALIDATOR, PATTERN, DEFVALUE, EXT1, EXT2, EXT3, TAGATTR, METADATA) VALUES ('CMIS.BRH31.01', 3, 0, 'resultMsg', 'ResultMsg', '返回结果描述', 'S', '0', '136', 0, 'M', 'N', 'N', null, null, null, null, null, null, null, null, null, null, null, null, null, '00000000000000000000000000000000', null);
INSERT INTO ESB_MSGSCHEMA (MSGCD, SEQ, PARENTSEQ, ESBNAME, RCVNAME, FDESC, FTYP, MINLEN, MAXLEN, DECI, OPTIONAL, ENCRYPT, SIG, REVERSAL, ISO8583, FIXMSG, CMTTAG, FVMAPID, CVTR, FTL, VALIDATOR, PATTERN, DEFVALUE, EXT1, EXT2, EXT3, TAGATTR, METADATA) VALUES ('ESBREP', 1, 0, 'ver', null, '版本', 'S', '0', '5', 0, 'O', 'N', null, null, null, null, null, null, null, null, null, null, '1.0', null, null, null, '00000000000000000000000000000000', null);
INSERT INTO ESB_MSGSCHEMA (MSGCD, SEQ, PARENTSEQ, ESBNAME, RCVNAME, FDESC, FTYP, MINLEN, MAXLEN, DECI, OPTIONAL, ENCRYPT, SIG, REVERSAL, ISO8583, FIXMSG, CMTTAG, FVMAPID, CVTR, FTL, VALIDATOR, PATTERN, DEFVALUE, EXT1, EXT2, EXT3, TAGATTR, METADATA) VALUES ('ESBREP', 3, 0, 'sndMbrCd', null, '发送成员编号', 'S', '0', '8', 0, 'O', 'N', null, null, null, null, null, null, null, null, null, null, null, null, null, null, '00000000000000000000000000000000', null);
INSERT INTO ESB_MSGSCHEMA (MSGCD, SEQ, PARENTSEQ, ESBNAME, RCVNAME, FDESC, FTYP, MINLEN, MAXLEN, DECI, OPTIONAL, ENCRYPT, SIG, REVERSAL, ISO8583, FIXMSG, CMTTAG, FVMAPID, CVTR, FTL, VALIDATOR, PATTERN, DEFVALUE, EXT1, EXT2, EXT3, TAGATTR, METADATA) VALUES ('ESBREP', 4, 0, 'sndAppCd', null, '发送应用编号', 'S', '0', '8', 0, 'M', 'N', null, null, null, null, null, null, null, null, null, null, null, null, null, null, '00000000000000000000000000000000', null);
INSERT INTO ESB_MSGSCHEMA (MSGCD, SEQ, PARENTSEQ, ESBNAME, RCVNAME, FDESC, FTYP, MINLEN, MAXLEN, DECI, OPTIONAL, ENCRYPT, SIG, REVERSAL, ISO8583, FIXMSG, CMTTAG, FVMAPID, CVTR, FTL, VALIDATOR, PATTERN, DEFVALUE, EXT1, EXT2, EXT3, TAGATTR, METADATA) VALUES ('ESBREP', 5, 0, 'sndDt', null, '发送日期', 'S', '8', '8', 0, 'M', 'N', null, null, null, null, null, null, null, null, null, null, null, null, null, null, '00000000000000000000000000000000', null);
INSERT INTO ESB_MSGSCHEMA (MSGCD, SEQ, PARENTSEQ, ESBNAME, RCVNAME, FDESC, FTYP, MINLEN, MAXLEN, DECI, OPTIONAL, ENCRYPT, SIG, REVERSAL, ISO8583, FIXMSG, CMTTAG, FVMAPID, CVTR, FTL, VALIDATOR, PATTERN, DEFVALUE, EXT1, EXT2, EXT3, TAGATTR, METADATA) VALUES ('ESBREP', 6, 0, 'sndTm', null, '发生时间', 'S', '6', '9', 0, 'M', 'N', null, null, null, null, null, null, null, null, null, null, null, null, null, null, '00000000000000000000000000000000', null);
INSERT INTO ESB_MSGSCHEMA (MSGCD, SEQ, PARENTSEQ, ESBNAME, RCVNAME, FDESC, FTYP, MINLEN, MAXLEN, DECI, OPTIONAL, ENCRYPT, SIG, REVERSAL, ISO8583, FIXMSG, CMTTAG, FVMAPID, CVTR, FTL, VALIDATOR, PATTERN, DEFVALUE, EXT1, EXT2, EXT3, TAGATTR, METADATA) VALUES ('ESBREP', 7, 0, 'seqNb', null, '发送流水', 'S', '1', '32', 0, 'M', 'N', null, null, null, null, null, null, null, null, null, null, null, null, null, null, '00000000000000000000000000000000', null);
INSERT INTO ESB_MSGSCHEMA (MSGCD, SEQ, PARENTSEQ, ESBNAME, RCVNAME, FDESC, FTYP, MINLEN, MAXLEN, DECI, OPTIONAL, ENCRYPT, SIG, REVERSAL, ISO8583, FIXMSG, CMTTAG, FVMAPID, CVTR, FTL, VALIDATOR, PATTERN, DEFVALUE, EXT1, EXT2, EXT3, TAGATTR, METADATA) VALUES ('ESBREP', 8, 0, 'msgCd', null, '报文编号', 'S', '10', '24', 0, 'M', 'N', null, null, null, null, null, null, null, null, null, null, null, null, null, null, '00000000000000000000000000000000', null);
INSERT INTO ESB_MSGSCHEMA (MSGCD, SEQ, PARENTSEQ, ESBNAME, RCVNAME, FDESC, FTYP, MINLEN, MAXLEN, DECI, OPTIONAL, ENCRYPT, SIG, REVERSAL, ISO8583, FIXMSG, CMTTAG, FVMAPID, CVTR, FTL, VALIDATOR, PATTERN, DEFVALUE, EXT1, EXT2, EXT3, TAGATTR, METADATA) VALUES ('ESBREP', 9, 0, 'callTyp', null, '调用类型', 'S', '0', '5', 0, 'O', 'N', null, null, null, null, null, null, null, null, null, null, null, null, null, null, '00000000000000000000000000000000', null);
INSERT INTO ESB_MSGSCHEMA (MSGCD, SEQ, PARENTSEQ, ESBNAME, RCVNAME, FDESC, FTYP, MINLEN, MAXLEN, DECI, OPTIONAL, ENCRYPT, SIG, REVERSAL, ISO8583, FIXMSG, CMTTAG, FVMAPID, CVTR, FTL, VALIDATOR, PATTERN, DEFVALUE, EXT1, EXT2, EXT3, TAGATTR, METADATA) VALUES ('ESBREP', 10, 0, 'rcvAppSN', null, '主机流水号', 'S', '0', '32', 0, 'O', 'N', null, null, null, null, null, null, null, null, null, null, null, null, null, null, '00000000000000000000000000000000', null);
INSERT INTO ESB_MSGSCHEMA (MSGCD, SEQ, PARENTSEQ, ESBNAME, RCVNAME, FDESC, FTYP, MINLEN, MAXLEN, DECI, OPTIONAL, ENCRYPT, SIG, REVERSAL, ISO8583, FIXMSG, CMTTAG, FVMAPID, CVTR, FTL, VALIDATOR, PATTERN, DEFVALUE, EXT1, EXT2, EXT3, TAGATTR, METADATA) VALUES ('ESBREP', 11, 0, 'replyToQ', null, '应答队列名', 'S', '0', '20', 0, 'O', 'N', null, null, null, null, null, null, null, null, null, null, null, null, null, null, '00000000000000000000000000000000', null);
INSERT INTO ESB_MSGSCHEMA (MSGCD, SEQ, PARENTSEQ, ESBNAME, RCVNAME, FDESC, FTYP, MINLEN, MAXLEN, DECI, OPTIONAL, ENCRYPT, SIG, REVERSAL, ISO8583, FIXMSG, CMTTAG, FVMAPID, CVTR, FTL, VALIDATOR, PATTERN, DEFVALUE, EXT1, EXT2, EXT3, TAGATTR, METADATA) VALUES ('ESBREP', 12, 0, 'rcvMbrCd', null, '接收成员编号', 'S', '0', '8', 0, 'O', 'N', null, null, null, null, null, null, null, null, null, null, null, null, null, null, '00000000000000000000000000000000', null);
INSERT INTO ESB_MSGSCHEMA (MSGCD, SEQ, PARENTSEQ, ESBNAME, RCVNAME, FDESC, FTYP, MINLEN, MAXLEN, DECI, OPTIONAL, ENCRYPT, SIG, REVERSAL, ISO8583, FIXMSG, CMTTAG, FVMAPID, CVTR, FTL, VALIDATOR, PATTERN, DEFVALUE, EXT1, EXT2, EXT3, TAGATTR, METADATA) VALUES ('ESBREP', 13, 0, 'rcvAppCd', null, '接收应用编号', 'S', '0', '8', 0, 'O', 'N', null, null, null, null, null, null, null, null, null, null, null, null, null, null, '00000000000000000000000000000000', null);
INSERT INTO ESB_MSGSCHEMA (MSGCD, SEQ, PARENTSEQ, ESBNAME, RCVNAME, FDESC, FTYP, MINLEN, MAXLEN, DECI, OPTIONAL, ENCRYPT, SIG, REVERSAL, ISO8583, FIXMSG, CMTTAG, FVMAPID, CVTR, FTL, VALIDATOR, PATTERN, DEFVALUE, EXT1, EXT2, EXT3, TAGATTR, METADATA) VALUES ('ESBREP', 14, 0, 'refSeqNb', null, '参考流水号', 'S', '1', '32', 0, 'M', 'N', null, null, null, null, null, null, null, null, null, null, null, null, null, null, '00000000000000000000000000000000', null);
INSERT INTO ESB_MSGSCHEMA (MSGCD, SEQ, PARENTSEQ, ESBNAME, RCVNAME, FDESC, FTYP, MINLEN, MAXLEN, DECI, OPTIONAL, ENCRYPT, SIG, REVERSAL, ISO8583, FIXMSG, CMTTAG, FVMAPID, CVTR, FTL, VALIDATOR, PATTERN, DEFVALUE, EXT1, EXT2, EXT3, TAGATTR, METADATA) VALUES ('ESBREP', 15, 0, 'refMsgCd', null, '参考报文编号', 'S', '10', '24', 0, 'M', 'N', null, null, null, null, null, null, null, null, null, null, null, null, null, null, '00000000000000000000000000000000', null);
INSERT INTO ESB_MSGSCHEMA (MSGCD, SEQ, PARENTSEQ, ESBNAME, RCVNAME, FDESC, FTYP, MINLEN, MAXLEN, DECI, OPTIONAL, ENCRYPT, SIG, REVERSAL, ISO8583, FIXMSG, CMTTAG, FVMAPID, CVTR, FTL, VALIDATOR, PATTERN, DEFVALUE, EXT1, EXT2, EXT3, TAGATTR, METADATA) VALUES ('ESBREP', 16, 0, 'refSndMbrCd', null, '参考发送成员编号', 'S', '0', '8', 0, 'O', 'N', null, null, null, null, null, null, null, null, null, null, null, null, null, null, '00000000000000000000000000000000', null);
INSERT INTO ESB_MSGSCHEMA (MSGCD, SEQ, PARENTSEQ, ESBNAME, RCVNAME, FDESC, FTYP, MINLEN, MAXLEN, DECI, OPTIONAL, ENCRYPT, SIG, REVERSAL, ISO8583, FIXMSG, CMTTAG, FVMAPID, CVTR, FTL, VALIDATOR, PATTERN, DEFVALUE, EXT1, EXT2, EXT3, TAGATTR, METADATA) VALUES ('ESBREP', 17, 0, 'refSndAppCd', null, '参考发送应用编号', 'S', '0', '8', 0, 'M', 'N', null, null, null, null, null, null, null, null, null, null, null, null, null, null, '00000000000000000000000000000000', null);
INSERT INTO ESB_MSGSCHEMA (MSGCD, SEQ, PARENTSEQ, ESBNAME, RCVNAME, FDESC, FTYP, MINLEN, MAXLEN, DECI, OPTIONAL, ENCRYPT, SIG, REVERSAL, ISO8583, FIXMSG, CMTTAG, FVMAPID, CVTR, FTL, VALIDATOR, PATTERN, DEFVALUE, EXT1, EXT2, EXT3, TAGATTR, METADATA) VALUES ('ESBREP', 18, 0, 'refSndDt', null, '参考发送日期', 'S', '8', '8', 0, 'M', 'N', null, null, null, null, null, null, null, null, null, null, null, null, null, null, '00000000000000000000000000000000', null);
INSERT INTO ESB_MSGSCHEMA (MSGCD, SEQ, PARENTSEQ, ESBNAME, RCVNAME, FDESC, FTYP, MINLEN, MAXLEN, DECI, OPTIONAL, ENCRYPT, SIG, REVERSAL, ISO8583, FIXMSG, CMTTAG, FVMAPID, CVTR, FTL, VALIDATOR, PATTERN, DEFVALUE, EXT1, EXT2, EXT3, TAGATTR, METADATA) VALUES ('ESBREP', 19, 0, 'status', null, '状态', 'M', '0', null, 0, 'M', 'N', null, null, null, null, null, null, null, null, null, null, null, null, null, null, '00000000000000000000000000000000', null);
INSERT INTO ESB_MSGSCHEMA (MSGCD, SEQ, PARENTSEQ, ESBNAME, RCVNAME, FDESC, FTYP, MINLEN, MAXLEN, DECI, OPTIONAL, ENCRYPT, SIG, REVERSAL, ISO8583, FIXMSG, CMTTAG, FVMAPID, CVTR, FTL, VALIDATOR, PATTERN, DEFVALUE, EXT1, EXT2, EXT3, TAGATTR, METADATA) VALUES ('ESBREP', 20, 19, 'retCd', null, '返回码', 'S', '0', '16', 0, 'M', 'N', null, null, null, null, null, null, null, null, null, null, null, null, null, null, '00000000000000000000000000000000', null);
INSERT INTO ESB_MSGSCHEMA (MSGCD, SEQ, PARENTSEQ, ESBNAME, RCVNAME, FDESC, FTYP, MINLEN, MAXLEN, DECI, OPTIONAL, ENCRYPT, SIG, REVERSAL, ISO8583, FIXMSG, CMTTAG, FVMAPID, CVTR, FTL, VALIDATOR, PATTERN, DEFVALUE, EXT1, EXT2, EXT3, TAGATTR, METADATA) VALUES ('ESBREP', 21, 19, 'location', null, '错误位置', 'S', '0', '256', 0, 'O', 'N', null, null, null, null, null, null, null, null, null, null, null, null, null, null, '00000000000000000000000000000000', null);
INSERT INTO ESB_MSGSCHEMA (MSGCD, SEQ, PARENTSEQ, ESBNAME, RCVNAME, FDESC, FTYP, MINLEN, MAXLEN, DECI, OPTIONAL, ENCRYPT, SIG, REVERSAL, ISO8583, FIXMSG, CMTTAG, FVMAPID, CVTR, FTL, VALIDATOR, PATTERN, DEFVALUE, EXT1, EXT2, EXT3, TAGATTR, METADATA) VALUES ('ESBREP', 22, 19, 'mbrCd', null, '错误成员编号', 'S', '0', '8', 0, 'O', 'N', null, null, null, null, null, null, null, null, null, null, null, null, null, null, '00000000000000000000000000000000', null);
INSERT INTO ESB_MSGSCHEMA (MSGCD, SEQ, PARENTSEQ, ESBNAME, RCVNAME, FDESC, FTYP, MINLEN, MAXLEN, DECI, OPTIONAL, ENCRYPT, SIG, REVERSAL, ISO8583, FIXMSG, CMTTAG, FVMAPID, CVTR, FTL, VALIDATOR, PATTERN, DEFVALUE, EXT1, EXT2, EXT3, TAGATTR, METADATA) VALUES ('ESBREP', 23, 19, 'appCd', null, '应用编号', 'S', '0', '8', 0, 'M', 'N', null, null, null, null, null, null, null, null, null, null, null, null, null, null, '00000000000000000000000000000000', null);
INSERT INTO ESB_MSGSCHEMA (MSGCD, SEQ, PARENTSEQ, ESBNAME, RCVNAME, FDESC, FTYP, MINLEN, MAXLEN, DECI, OPTIONAL, ENCRYPT, SIG, REVERSAL, ISO8583, FIXMSG, CMTTAG, FVMAPID, CVTR, FTL, VALIDATOR, PATTERN, DEFVALUE, EXT1, EXT2, EXT3, TAGATTR, METADATA) VALUES ('ESBREP', 24, 19, 'desc', null, '错误描述', 'S', '0', '512', 0, 'O', 'N', null, null, null, null, null, null, null, null, null, null, null, null, null, null, '00000000000000000000000000000000', null);
INSERT INTO ESB_MSGSCHEMA (MSGCD, SEQ, PARENTSEQ, ESBNAME, RCVNAME, FDESC, FTYP, MINLEN, MAXLEN, DECI, OPTIONAL, ENCRYPT, SIG, REVERSAL, ISO8583, FIXMSG, CMTTAG, FVMAPID, CVTR, FTL, VALIDATOR, PATTERN, DEFVALUE, EXT1, EXT2, EXT3, TAGATTR, METADATA) VALUES ('ESBREP', 25, 19, 'ip', null, '错误发生IP', 'S', '0', '15', 0, 'O', 'N', null, null, null, null, null, null, null, null, null, null, null, null, null, null, '00000000000000000000000000000000', null);
INSERT INTO ESB_MSGSCHEMA (MSGCD, SEQ, PARENTSEQ, ESBNAME, RCVNAME, FDESC, FTYP, MINLEN, MAXLEN, DECI, OPTIONAL, ENCRYPT, SIG, REVERSAL, ISO8583, FIXMSG, CMTTAG, FVMAPID, CVTR, FTL, VALIDATOR, PATTERN, DEFVALUE, EXT1, EXT2, EXT3, TAGATTR, METADATA) VALUES ('ESBREP', 26, 0, 'signature', null, '签名信息', 'S', '0', '9999', 0, 'O', 'N', null, null, null, null, null, null, null, null, null, null, null, null, null, null, '00000000000000000000000000000000', null);
INSERT INTO ESB_MSGSCHEMA (MSGCD, SEQ, PARENTSEQ, ESBNAME, RCVNAME, FDESC, FTYP, MINLEN, MAXLEN, DECI, OPTIONAL, ENCRYPT, SIG, REVERSAL, ISO8583, FIXMSG, CMTTAG, FVMAPID, CVTR, FTL, VALIDATOR, PATTERN, DEFVALUE, EXT1, EXT2, EXT3, TAGATTR, METADATA) VALUES ('ESBREP', 27, 0, 'ext', null, '扩展节点', 'U', '0', '1024', 0, 'O', 'N', null, null, null, null, null, null, null, null, null, null, null, null, null, null, '00000000000000000000000000000000', null);
INSERT INTO ESB_MSGSCHEMA (MSGCD, SEQ, PARENTSEQ, ESBNAME, RCVNAME, FDESC, FTYP, MINLEN, MAXLEN, DECI, OPTIONAL, ENCRYPT, SIG, REVERSAL, ISO8583, FIXMSG, CMTTAG, FVMAPID, CVTR, FTL, VALIDATOR, PATTERN, DEFVALUE, EXT1, EXT2, EXT3, TAGATTR, METADATA) VALUES ('ESBREQ', 1, 0, 'ver', null, '版本', 'S', '0', '5', 0, 'O', 'N', null, null, null, null, null, null, null, null, null, null, '1.0', null, null, null, '00000000000000000000000000000000', null);
INSERT INTO ESB_MSGSCHEMA (MSGCD, SEQ, PARENTSEQ, ESBNAME, RCVNAME, FDESC, FTYP, MINLEN, MAXLEN, DECI, OPTIONAL, ENCRYPT, SIG, REVERSAL, ISO8583, FIXMSG, CMTTAG, FVMAPID, CVTR, FTL, VALIDATOR, PATTERN, DEFVALUE, EXT1, EXT2, EXT3, TAGATTR, METADATA) VALUES ('ESBREQ', 3, 0, 'sndMbrCd', null, '发送成员编号', 'S', '0', '8', 0, 'O', 'N', null, null, null, null, null, null, null, null, null, null, null, null, null, null, '00000000000000000000000000000000', null);
INSERT INTO ESB_MSGSCHEMA (MSGCD, SEQ, PARENTSEQ, ESBNAME, RCVNAME, FDESC, FTYP, MINLEN, MAXLEN, DECI, OPTIONAL, ENCRYPT, SIG, REVERSAL, ISO8583, FIXMSG, CMTTAG, FVMAPID, CVTR, FTL, VALIDATOR, PATTERN, DEFVALUE, EXT1, EXT2, EXT3, TAGATTR, METADATA) VALUES ('ESBREQ', 4, 0, 'sndAppCd', null, '发送应用编号', 'S', '0', '8', 0, 'M', 'N', null, null, null, null, null, null, null, null, null, null, null, null, null, null, '00000000000000000000000000000000', null);
INSERT INTO ESB_MSGSCHEMA (MSGCD, SEQ, PARENTSEQ, ESBNAME, RCVNAME, FDESC, FTYP, MINLEN, MAXLEN, DECI, OPTIONAL, ENCRYPT, SIG, REVERSAL, ISO8583, FIXMSG, CMTTAG, FVMAPID, CVTR, FTL, VALIDATOR, PATTERN, DEFVALUE, EXT1, EXT2, EXT3, TAGATTR, METADATA) VALUES ('ESBREQ', 5, 0, 'sndDt', null, '发送日期', 'S', '8', '8', 0, 'M', 'N', null, null, null, null, null, null, null, null, null, null, null, null, null, null, '00000000000000000000000000000000', null);
INSERT INTO ESB_MSGSCHEMA (MSGCD, SEQ, PARENTSEQ, ESBNAME, RCVNAME, FDESC, FTYP, MINLEN, MAXLEN, DECI, OPTIONAL, ENCRYPT, SIG, REVERSAL, ISO8583, FIXMSG, CMTTAG, FVMAPID, CVTR, FTL, VALIDATOR, PATTERN, DEFVALUE, EXT1, EXT2, EXT3, TAGATTR, METADATA) VALUES ('ESBREQ', 6, 0, 'sndTm', null, '发生时间', 'S', '6', '9', 0, 'M', 'N', null, null, null, null, null, null, null, null, null, null, null, null, null, null, '00000000000000000000000000000000', null);
INSERT INTO ESB_MSGSCHEMA (MSGCD, SEQ, PARENTSEQ, ESBNAME, RCVNAME, FDESC, FTYP, MINLEN, MAXLEN, DECI, OPTIONAL, ENCRYPT, SIG, REVERSAL, ISO8583, FIXMSG, CMTTAG, FVMAPID, CVTR, FTL, VALIDATOR, PATTERN, DEFVALUE, EXT1, EXT2, EXT3, TAGATTR, METADATA) VALUES ('ESBREQ', 7, 0, 'seqNb', null, '发送流水', 'S', '1', '32', 0, 'M', 'N', null, null, null, null, null, null, null, null, null, null, null, null, null, null, '00000000000000000000000000000000', null);
INSERT INTO ESB_MSGSCHEMA (MSGCD, SEQ, PARENTSEQ, ESBNAME, RCVNAME, FDESC, FTYP, MINLEN, MAXLEN, DECI, OPTIONAL, ENCRYPT, SIG, REVERSAL, ISO8583, FIXMSG, CMTTAG, FVMAPID, CVTR, FTL, VALIDATOR, PATTERN, DEFVALUE, EXT1, EXT2, EXT3, TAGATTR, METADATA) VALUES ('ESBREQ', 8, 0, 'msgCd', null, '报文编号', 'S', '10', '24', 0, 'M', 'N', null, null, null, null, null, null, null, null, null, null, null, null, null, null, '00000000000000000000000000000000', null);
INSERT INTO ESB_MSGSCHEMA (MSGCD, SEQ, PARENTSEQ, ESBNAME, RCVNAME, FDESC, FTYP, MINLEN, MAXLEN, DECI, OPTIONAL, ENCRYPT, SIG, REVERSAL, ISO8583, FIXMSG, CMTTAG, FVMAPID, CVTR, FTL, VALIDATOR, PATTERN, DEFVALUE, EXT1, EXT2, EXT3, TAGATTR, METADATA) VALUES ('ESBREQ', 9, 0, 'callTyp', null, '调用类型', 'S', '0', '5', 0, 'O', 'N', null, null, null, null, null, null, null, null, null, null, null, null, null, null, '00000000000000000000000000000000', null);
INSERT INTO ESB_MSGSCHEMA (MSGCD, SEQ, PARENTSEQ, ESBNAME, RCVNAME, FDESC, FTYP, MINLEN, MAXLEN, DECI, OPTIONAL, ENCRYPT, SIG, REVERSAL, ISO8583, FIXMSG, CMTTAG, FVMAPID, CVTR, FTL, VALIDATOR, PATTERN, DEFVALUE, EXT1, EXT2, EXT3, TAGATTR, METADATA) VALUES ('ESBREQ', 10, 0, 'rcvAppSN', null, '主机流水号', 'S', '0', '32', 0, 'O', 'N', null, null, null, null, null, null, null, null, null, null, null, null, null, null, '00000000000000000000000000000000', null);
INSERT INTO ESB_MSGSCHEMA (MSGCD, SEQ, PARENTSEQ, ESBNAME, RCVNAME, FDESC, FTYP, MINLEN, MAXLEN, DECI, OPTIONAL, ENCRYPT, SIG, REVERSAL, ISO8583, FIXMSG, CMTTAG, FVMAPID, CVTR, FTL, VALIDATOR, PATTERN, DEFVALUE, EXT1, EXT2, EXT3, TAGATTR, METADATA) VALUES ('ESBREQ', 11, 0, 'replyToQ', null, '应答队列名', 'S', '0', '32', 0, 'O', 'N', null, null, null, null, null, null, null, null, null, null, null, null, null, null, '00000000000000000000000000000000', null);
INSERT INTO ESB_MSGSCHEMA (MSGCD, SEQ, PARENTSEQ, ESBNAME, RCVNAME, FDESC, FTYP, MINLEN, MAXLEN, DECI, OPTIONAL, ENCRYPT, SIG, REVERSAL, ISO8583, FIXMSG, CMTTAG, FVMAPID, CVTR, FTL, VALIDATOR, PATTERN, DEFVALUE, EXT1, EXT2, EXT3, TAGATTR, METADATA) VALUES ('ESBREQ', 12, 0, 'rcvMbrCd', null, '接收成员编号', 'S', '0', '8', 0, 'O', 'N', null, null, null, null, null, null, null, null, null, null, null, null, null, null, '00000000000000000000000000000000', null);
INSERT INTO ESB_MSGSCHEMA (MSGCD, SEQ, PARENTSEQ, ESBNAME, RCVNAME, FDESC, FTYP, MINLEN, MAXLEN, DECI, OPTIONAL, ENCRYPT, SIG, REVERSAL, ISO8583, FIXMSG, CMTTAG, FVMAPID, CVTR, FTL, VALIDATOR, PATTERN, DEFVALUE, EXT1, EXT2, EXT3, TAGATTR, METADATA) VALUES ('ESBREQ', 13, 0, 'ext', null, '扩展节点', 'U', '0', '1024', 0, 'O', 'N', null, null, null, null, null, null, null, null, null, null, null, null, null, null, '00000000000000000000000000000000', null);
INSERT INTO ESB_MSGSCHEMA (MSGCD, SEQ, PARENTSEQ, ESBNAME, RCVNAME, FDESC, FTYP, MINLEN, MAXLEN, DECI, OPTIONAL, ENCRYPT, SIG, REVERSAL, ISO8583, FIXMSG, CMTTAG, FVMAPID, CVTR, FTL, VALIDATOR, PATTERN, DEFVALUE, EXT1, EXT2, EXT3, TAGATTR, METADATA) VALUES ('ESBREQ', 14, 0, 'signature', null, '签名信息', 'S', '0', '9999', 0, 'O', 'N', null, null, null, null, null, null, null, null, null, null, null, null, null, null, '00000000000000000000000000000000', null);
INSERT INTO ESB_MSGSCHEMA (MSGCD, SEQ, PARENTSEQ, ESBNAME, RCVNAME, FDESC, FTYP, MINLEN, MAXLEN, DECI, OPTIONAL, ENCRYPT, SIG, REVERSAL, ISO8583, FIXMSG, CMTTAG, FVMAPID, CVTR, FTL, VALIDATOR, PATTERN, DEFVALUE, EXT1, EXT2, EXT3, TAGATTR, METADATA) VALUES ('RPEDUE.05.01', 1, 0, 'ccavNo', 'CCavNo', '订单号', 'S', '0', '136', 0, 'M', 'N', 'N', null, null, null, null, null, null, null, null, null, null, null, null, null, '00000000000000000000000000000000', null);
INSERT INTO ESB_MSGSCHEMA (MSGCD, SEQ, PARENTSEQ, ESBNAME, RCVNAME, FDESC, FTYP, MINLEN, MAXLEN, DECI, OPTIONAL, ENCRYPT, SIG, REVERSAL, ISO8583, FIXMSG, CMTTAG, FVMAPID, CVTR, FTL, VALIDATOR, PATTERN, DEFVALUE, EXT1, EXT2, EXT3, TAGATTR, METADATA) VALUES ('RPEDUE.05.01', 2, 0, 'amount', 'Amount', '金额', 'S', '0', '136', 0, 'M', 'N', 'N', null, null, null, null, null, null, null, null, null, null, null, null, null, '00000000000000000000000000000000', null);
INSERT INTO ESB_MSGSCHEMA (MSGCD, SEQ, PARENTSEQ, ESBNAME, RCVNAME, FDESC, FTYP, MINLEN, MAXLEN, DECI, OPTIONAL, ENCRYPT, SIG, REVERSAL, ISO8583, FIXMSG, CMTTAG, FVMAPID, CVTR, FTL, VALIDATOR, PATTERN, DEFVALUE, EXT1, EXT2, EXT3, TAGATTR, METADATA) VALUES ('RPEDUE.05.01', 3, 0, 'payResult', 'PayResult', '对账结果', 'S', '0', '136', 0, 'M', 'N', 'N', null, null, null, null, null, null, null, null, null, null, null, null, null, '00000000000000000000000000000000', null);
INSERT INTO ESB_MSGSCHEMA (MSGCD, SEQ, PARENTSEQ, ESBNAME, RCVNAME, FDESC, FTYP, MINLEN, MAXLEN, DECI, OPTIONAL, ENCRYPT, SIG, REVERSAL, ISO8583, FIXMSG, CMTTAG, FVMAPID, CVTR, FTL, VALIDATOR, PATTERN, DEFVALUE, EXT1, EXT2, EXT3, TAGATTR, METADATA) VALUES ('RPEDUE.05.02', 1, 0, 'ccavNo', 'CCavNo', '收据号', 'S', '0', '136', 0, 'M', 'N', 'N', null, null, null, null, null, null, null, null, null, null, null, null, null, '00000000000000000000000000000000', null);
INSERT INTO ESB_MSGSCHEMA (MSGCD, SEQ, PARENTSEQ, ESBNAME, RCVNAME, FDESC, FTYP, MINLEN, MAXLEN, DECI, OPTIONAL, ENCRYPT, SIG, REVERSAL, ISO8583, FIXMSG, CMTTAG, FVMAPID, CVTR, FTL, VALIDATOR, PATTERN, DEFVALUE, EXT1, EXT2, EXT3, TAGATTR, METADATA) VALUES ('RPEDUE.05.02', 2, 0, 'status', 'Status', '状态', 'S', '0', '136', 0, 'M', 'N', 'N', null, null, null, null, null, null, null, null, null, null, null, null, null, '00000000000000000000000000000000', null);
INSERT INTO ESB_MSGSCHEMA (MSGCD, SEQ, PARENTSEQ, ESBNAME, RCVNAME, FDESC, FTYP, MINLEN, MAXLEN, DECI, OPTIONAL, ENCRYPT, SIG, REVERSAL, ISO8583, FIXMSG, CMTTAG, FVMAPID, CVTR, FTL, VALIDATOR, PATTERN, DEFVALUE, EXT1, EXT2, EXT3, TAGATTR, METADATA) VALUES ('RPEDUE.05.02', 3, 0, 'remark', 'Remark', '备注', 'S', '0', '136', 0, 'M', 'N', 'N', null, null, null, null, null, null, null, null, null, null, null, null, null, '00000000000000000000000000000000', null);
INSERT INTO ESB_MSGSCHEMA (MSGCD, SEQ, PARENTSEQ, ESBNAME, RCVNAME, FDESC, FTYP, MINLEN, MAXLEN, DECI, OPTIONAL, ENCRYPT, SIG, REVERSAL, ISO8583, FIXMSG, CMTTAG, FVMAPID, CVTR, FTL, VALIDATOR, PATTERN, DEFVALUE, EXT1, EXT2, EXT3, TAGATTR, METADATA) VALUES ('SMS.CSSPSEND.01', 1, 0, 'userId', 'userId', '用户名', 'S', '0', '136', 0, 'O', 'N', 'N', null, null, null, null, null, null, null, null, null, 'xx', null, null, null, '00000100000000000000000000000000', null);
INSERT INTO ESB_MSGSCHEMA (MSGCD, SEQ, PARENTSEQ, ESBNAME, RCVNAME, FDESC, FTYP, MINLEN, MAXLEN, DECI, OPTIONAL, ENCRYPT, SIG, REVERSAL, ISO8583, FIXMSG, CMTTAG, FVMAPID, CVTR, FTL, VALIDATOR, PATTERN, DEFVALUE, EXT1, EXT2, EXT3, TAGATTR, METADATA) VALUES ('SMS.CSSPSEND.01', 2, 0, 'password', 'password', '密码', 'S', '0', '136', 0, 'O', 'N', 'N', null, null, null, null, null, null, null, null, null, 'yy', null, null, null, '00000100000000000000000000000000', null);
INSERT INTO ESB_MSGSCHEMA (MSGCD, SEQ, PARENTSEQ, ESBNAME, RCVNAME, FDESC, FTYP, MINLEN, MAXLEN, DECI, OPTIONAL, ENCRYPT, SIG, REVERSAL, ISO8583, FIXMSG, CMTTAG, FVMAPID, CVTR, FTL, VALIDATOR, PATTERN, DEFVALUE, EXT1, EXT2, EXT3, TAGATTR, METADATA) VALUES ('SMS.CSSPSEND.01', 3, 0, 'pszMobis', 'pszMobis', '手机号', 'S', '0', '136', 0, 'M', 'N', 'N', null, null, null, null, null, null, null, null, null, null, null, null, null, '00010000000000000000000000000000', null);
INSERT INTO ESB_MSGSCHEMA (MSGCD, SEQ, PARENTSEQ, ESBNAME, RCVNAME, FDESC, FTYP, MINLEN, MAXLEN, DECI, OPTIONAL, ENCRYPT, SIG, REVERSAL, ISO8583, FIXMSG, CMTTAG, FVMAPID, CVTR, FTL, VALIDATOR, PATTERN, DEFVALUE, EXT1, EXT2, EXT3, TAGATTR, METADATA) VALUES ('SMS.CSSPSEND.01', 4, 0, 'pszMsg', 'pszMsg', '短信内容', 'S', '0', '136', 0, 'M', 'N', 'N', null, null, null, null, null, null, null, null, null, null, null, null, null, '00020000000000000000000000000000', null);
INSERT INTO ESB_MSGSCHEMA (MSGCD, SEQ, PARENTSEQ, ESBNAME, RCVNAME, FDESC, FTYP, MINLEN, MAXLEN, DECI, OPTIONAL, ENCRYPT, SIG, REVERSAL, ISO8583, FIXMSG, CMTTAG, FVMAPID, CVTR, FTL, VALIDATOR, PATTERN, DEFVALUE, EXT1, EXT2, EXT3, TAGATTR, METADATA) VALUES ('SMS.CSSPSEND.01', 5, 0, 'imobiCount', 'iMobiCount', '手机号个数', 'S', '0', '136', 0, 'O', 'N', 'N', null, null, null, null, null, null, '${_stringx.split(pnode.pszMobis,",")?size}', null, null, null, null, null, null, '00030100000000000000000000000000', null);
INSERT INTO ESB_MSGSCHEMA (MSGCD, SEQ, PARENTSEQ, ESBNAME, RCVNAME, FDESC, FTYP, MINLEN, MAXLEN, DECI, OPTIONAL, ENCRYPT, SIG, REVERSAL, ISO8583, FIXMSG, CMTTAG, FVMAPID, CVTR, FTL, VALIDATOR, PATTERN, DEFVALUE, EXT1, EXT2, EXT3, TAGATTR, METADATA) VALUES ('SMS.CSSPSEND.01', 6, 0, 'pszSubPort', 'pszSubPort', '端口', 'S', '0', '136', 0, 'O', 'N', 'N', null, null, null, null, null, null, null, null, null, '101010101', null, null, null, '00040100000000000000000000000000', null);
INSERT INTO ESB_MSGSCHEMA (MSGCD, SEQ, PARENTSEQ, ESBNAME, RCVNAME, FDESC, FTYP, MINLEN, MAXLEN, DECI, OPTIONAL, ENCRYPT, SIG, REVERSAL, ISO8583, FIXMSG, CMTTAG, FVMAPID, CVTR, FTL, VALIDATOR, PATTERN, DEFVALUE, EXT1, EXT2, EXT3, TAGATTR, METADATA) VALUES ('SMS.CSSPSENDREP.01', 1, 0, 'result', 'MongateCsSpSendSmsNewResult', '响应结果', 'S', '0', '136', 0, 'O', 'N', 'N', null, null, null, null, null, null, null, null, null, null, null, null, null, '00000000000000000000000000000000', null);
INSERT INTO ESB_MSGSCHEMA (MSGCD, SEQ, PARENTSEQ, ESBNAME, RCVNAME, FDESC, FTYP, MINLEN, MAXLEN, DECI, OPTIONAL, ENCRYPT, SIG, REVERSAL, ISO8583, FIXMSG, CMTTAG, FVMAPID, CVTR, FTL, VALIDATOR, PATTERN, DEFVALUE, EXT1, EXT2, EXT3, TAGATTR, METADATA) VALUES ('SSO.000000010.01', 1, 0, 'name', null, 'PO名', 'S', '0', '212', 0, 'M', 'N', 'N', null, null, null, null, null, null, null, null, null, null, null, null, null, '00000000000000000000000000000000', null);
INSERT INTO ESB_MSGSCHEMA (MSGCD, SEQ, PARENTSEQ, ESBNAME, RCVNAME, FDESC, FTYP, MINLEN, MAXLEN, DECI, OPTIONAL, ENCRYPT, SIG, REVERSAL, ISO8583, FIXMSG, CMTTAG, FVMAPID, CVTR, FTL, VALIDATOR, PATTERN, DEFVALUE, EXT1, EXT2, EXT3, TAGATTR, METADATA) VALUES ('SSO.000000010.01', 2, 0, 'map', null, 'PO参数', 'AM', '0', '136', 0, 'M', 'N', 'N', null, null, null, null, null, null, null, null, null, null, null, null, null, '00000000000000000000000000000000', null);
INSERT INTO ESB_MSGSCHEMA (MSGCD, SEQ, PARENTSEQ, ESBNAME, RCVNAME, FDESC, FTYP, MINLEN, MAXLEN, DECI, OPTIONAL, ENCRYPT, SIG, REVERSAL, ISO8583, FIXMSG, CMTTAG, FVMAPID, CVTR, FTL, VALIDATOR, PATTERN, DEFVALUE, EXT1, EXT2, EXT3, TAGATTR, METADATA) VALUES ('SSO.000000010.01', 3, 2, 'name', null, 'PO参数1', 'S', '0', '136', 0, 'M', 'N', 'N', null, null, null, null, null, null, null, null, null, null, null, null, null, '00000000000000000000000000000000', null);
INSERT INTO ESB_MSGSCHEMA (MSGCD, SEQ, PARENTSEQ, ESBNAME, RCVNAME, FDESC, FTYP, MINLEN, MAXLEN, DECI, OPTIONAL, ENCRYPT, SIG, REVERSAL, ISO8583, FIXMSG, CMTTAG, FVMAPID, CVTR, FTL, VALIDATOR, PATTERN, DEFVALUE, EXT1, EXT2, EXT3, TAGATTR, METADATA) VALUES ('SSO.000000010.01', 4, 2, 'age', null, 'PO参数2', 'I', '0', '136', 0, 'O', 'N', 'N', null, null, null, null, null, null, null, null, null, null, null, null, null, '00000000000000000000000000000000', null);
INSERT INTO ESB_MSGSCHEMA (MSGCD, SEQ, PARENTSEQ, ESBNAME, RCVNAME, FDESC, FTYP, MINLEN, MAXLEN, DECI, OPTIONAL, ENCRYPT, SIG, REVERSAL, ISO8583, FIXMSG, CMTTAG, FVMAPID, CVTR, FTL, VALIDATOR, PATTERN, DEFVALUE, EXT1, EXT2, EXT3, TAGATTR, METADATA) VALUES ('SSO.000000011.01', 1, 0, 'result', null, '返回参数名', 'S', '0', '212', 0, 'O', 'N', 'N', null, null, null, null, null, null, null, null, null, null, null, null, null, '00000000000000000000000000000000', null);
INSERT INTO ESB_MSGSCHEMA (MSGCD, SEQ, PARENTSEQ, ESBNAME, RCVNAME, FDESC, FTYP, MINLEN, MAXLEN, DECI, OPTIONAL, ENCRYPT, SIG, REVERSAL, ISO8583, FIXMSG, CMTTAG, FVMAPID, CVTR, FTL, VALIDATOR, PATTERN, DEFVALUE, EXT1, EXT2, EXT3, TAGATTR, METADATA) VALUES ('SSO.000000011.01', 2, 0, 'name', null, '返回参数名', 'S', '0', '212', 0, 'O', 'N', 'N', null, null, null, null, null, null, null, null, null, null, null, null, null, '00000000000000000000000000000000', null);
INSERT INTO ESB_MSGSCHEMA (MSGCD, SEQ, PARENTSEQ, ESBNAME, RCVNAME, FDESC, FTYP, MINLEN, MAXLEN, DECI, OPTIONAL, ENCRYPT, SIG, REVERSAL, ISO8583, FIXMSG, CMTTAG, FVMAPID, CVTR, FTL, VALIDATOR, PATTERN, DEFVALUE, EXT1, EXT2, EXT3, TAGATTR, METADATA) VALUES ('SSO.000000011.01', 3, 0, 'age', null, '返回参数名', 'I', '0', '212', 0, 'O', 'N', 'N', null, null, null, null, null, null, null, null, null, null, null, null, null, '00000000000000000000000000000000', null);



INSERT INTO ESB_MSG (MSGCD, REPMSGCD, RCVAPPCD, RCVMSGCD, MSGATTR, PUBLISHDT, MSGDESC, SCHEMAMSGCD, LEN, HDRSCHEMA, HDRTAG, ADAPTERBEAN, EXT1, EXT2, EXT3, LASTOPERATEUSER, LASTOPERATETIME, USERCD, LASTUPDTM, ACTIONNM, VERDT, VERSTATUS) VALUES ('CMIS.BRH10.01', 'CMIS.BRH11.01', 'CMIS', 'BRH10', '01000100000000000100000000000000', 20131109, '借款项目信息推送请求', null, 0, null, null, null, '<cmis:sendLoanProject xmlns:cmis="http://webservice.service.insuregateway.brh.com"><loanProject>', '</loanProject></cmis:sendLoanProject>', null, null, null, 'ESB', '2015-04-14 00:46:59', '1', '20150401', '2');
INSERT INTO ESB_MSG (MSGCD, REPMSGCD, RCVAPPCD, RCVMSGCD, MSGATTR, PUBLISHDT, MSGDESC, SCHEMAMSGCD, LEN, HDRSCHEMA, HDRTAG, ADAPTERBEAN, EXT1, EXT2, EXT3, LASTOPERATEUSER, LASTOPERATETIME, USERCD, LASTUPDTM, ACTIONNM, VERDT, VERSTATUS) VALUES ('CMIS.BRH11.01', null, 'cmis', 'BRH11', '01000000000000000100000000000000', 20131109, '借款项目信息推送应答', null, 0, null, null, null, 'Body/sendLoanProjectResponse/return', null, null, null, null, 'ESB', '2015-04-14 00:46:59', '1', '20150401', '2');
INSERT INTO ESB_MSG (MSGCD, REPMSGCD, RCVAPPCD, RCVMSGCD, MSGATTR, PUBLISHDT, MSGDESC, SCHEMAMSGCD, LEN, HDRSCHEMA, HDRTAG, ADAPTERBEAN, EXT1, EXT2, EXT3, LASTOPERATEUSER, LASTOPERATETIME, USERCD, LASTUPDTM, ACTIONNM, VERDT, VERSTATUS) VALUES ('CMIS.BRH30.01', 'CMIS.BRH31.01', 'CMIS', 'BRH30', '01000100000000000100000000000000', 20131109, '借款项目信息推送请求', null, 0, null, null, null, null, null, null, null, null, 'ESB', '2015-04-14 00:46:59', '1', '20150401', '2');
INSERT INTO ESB_MSG (MSGCD, REPMSGCD, RCVAPPCD, RCVMSGCD, MSGATTR, PUBLISHDT, MSGDESC, SCHEMAMSGCD, LEN, HDRSCHEMA, HDRTAG, ADAPTERBEAN, EXT1, EXT2, EXT3, LASTOPERATEUSER, LASTOPERATETIME, USERCD, LASTUPDTM, ACTIONNM, VERDT, VERSTATUS) VALUES ('CMIS.BRH31.01', null, 'cmis', 'BRH31', '01000000000000000100000000000000', 20131109, '借款项目信息推送应答', null, 0, null, null, null, null, null, null, null, null, 'ESB', '2015-04-14 00:46:59', '1', '20150401', '2');
INSERT INTO ESB_MSG (MSGCD, REPMSGCD, RCVAPPCD, RCVMSGCD, MSGATTR, PUBLISHDT, MSGDESC, SCHEMAMSGCD, LEN, HDRSCHEMA, HDRTAG, ADAPTERBEAN, EXT1, EXT2, EXT3, LASTOPERATEUSER, LASTOPERATETIME, USERCD, LASTUPDTM, ACTIONNM, VERDT, VERSTATUS) VALUES ('ESBREP', null, 'esb', null, '02000000100000000000000000000000', 20110508, 'ESB应答报文头', null, 0, null, null, null, null, null, null, null, null, 'ESB', '2015-04-14 00:43:46', '4', '20150101', '1');
INSERT INTO ESB_MSG (MSGCD, REPMSGCD, RCVAPPCD, RCVMSGCD, MSGATTR, PUBLISHDT, MSGDESC, SCHEMAMSGCD, LEN, HDRSCHEMA, HDRTAG, ADAPTERBEAN, EXT1, EXT2, EXT3, LASTOPERATEUSER, LASTOPERATETIME, USERCD, LASTUPDTM, ACTIONNM, VERDT, VERSTATUS) VALUES ('ESBREQ', 'ESBREP', 'ESB', null, '02000100000000000000000000000000', 20110508, 'ESB请求报文头', null, 0, null, null, null, null, null, null, null, null, 'ESB', '2015-04-14 00:43:46', '4', '20150101', '1');
INSERT INTO ESB_MSG (MSGCD, REPMSGCD, RCVAPPCD, RCVMSGCD, MSGATTR, PUBLISHDT, MSGDESC, SCHEMAMSGCD, LEN, HDRSCHEMA, HDRTAG, ADAPTERBEAN, EXT1, EXT2, EXT3, LASTOPERATEUSER, LASTOPERATETIME, USERCD, LASTUPDTM, ACTIONNM, VERDT, VERSTATUS) VALUES ('RPEDUE.05.01', 'RPEDUE.05.02', 'RPEDUE', '05', '01000100000000000100000000000000', 20131109, '保费收费成功通知请求', null, 0, null, null, null, '<soapenv:Header/><soapenv:Body><con:receiveData><con:reqXml>', '</con:reqXml></con:receiveData></soapenv:Body>', null, null, null, 'ESB', '2015-04-14 00:46:59', '1', '20150401', '2');
INSERT INTO ESB_MSG (MSGCD, REPMSGCD, RCVAPPCD, RCVMSGCD, MSGATTR, PUBLISHDT, MSGDESC, SCHEMAMSGCD, LEN, HDRSCHEMA, HDRTAG, ADAPTERBEAN, EXT1, EXT2, EXT3, LASTOPERATEUSER, LASTOPERATETIME, USERCD, LASTUPDTM, ACTIONNM, VERDT, VERSTATUS) VALUES ('RPEDUE.05.02', null, 'rpedue', '05', '01000100000000000100000000000000', 20131109, '保费收费成功通知应答', null, 0, null, null, null, 'Body/receiveDataResponse/return', null, null, null, null, 'ESB', '2015-04-14 00:46:59', '1', '20150401', '2');
INSERT INTO ESB_MSG (MSGCD, REPMSGCD, RCVAPPCD, RCVMSGCD, MSGATTR, PUBLISHDT, MSGDESC, SCHEMAMSGCD, LEN, HDRSCHEMA, HDRTAG, ADAPTERBEAN, EXT1, EXT2, EXT3, LASTOPERATEUSER, LASTOPERATETIME, USERCD, LASTUPDTM, ACTIONNM, VERDT, VERSTATUS) VALUES ('SMS.CSSPSEND.01', 'SMS.CSSPSENDREP.01', 'SMS', 'CSSPSEND', '01000100000000000100000000000000', 20131109, '短信发送请求', null, 0, null, null, null, '<soapenv:Envelope xmlns:soapenv="http://schemas.xmlsoap.org/soap/envelope/"><soapenv:Header/><soapenv:Body>', 'MongateCsSpSendSmsNew', '</soapenv:Body></soapenv:Envelope>', null, null, 'ESB', '2015-04-14 00:46:59', '1', '20150401', '2');
INSERT INTO ESB_MSG (MSGCD, REPMSGCD, RCVAPPCD, RCVMSGCD, MSGATTR, PUBLISHDT, MSGDESC, SCHEMAMSGCD, LEN, HDRSCHEMA, HDRTAG, ADAPTERBEAN, EXT1, EXT2, EXT3, LASTOPERATEUSER, LASTOPERATETIME, USERCD, LASTUPDTM, ACTIONNM, VERDT, VERSTATUS) VALUES ('SMS.CSSPSENDREP.01', null, 'sms', 'CSSPSENDREP', '01000100000000000100000000000000', 20131109, '短信发送响应', null, 0, null, null, null, 'Body/MongateCsSpSendSmsNewResponse', null, null, null, null, 'ESB', '2015-04-14 00:46:59', '1', '20150401', '2');
INSERT INTO ESB_MSG (MSGCD, REPMSGCD, RCVAPPCD, RCVMSGCD, MSGATTR, PUBLISHDT, MSGDESC, SCHEMAMSGCD, LEN, HDRSCHEMA, HDRTAG, ADAPTERBEAN, EXT1, EXT2, EXT3, LASTOPERATEUSER, LASTOPERATETIME, USERCD, LASTUPDTM, ACTIONNM, VERDT, VERSTATUS) VALUES ('SSO.000000010.01', 'SSO.000000011.01', 'SSO', 'demo.save', '02000100000000000100000000000000', 20131109, 'jscall-1', null, 0, null, null, null, null, null, null, null, null, 'ESB', '2015-04-14 00:46:59', '1', '20150401', '2');
INSERT INTO ESB_MSG (MSGCD, REPMSGCD, RCVAPPCD, RCVMSGCD, MSGATTR, PUBLISHDT, MSGDESC, SCHEMAMSGCD, LEN, HDRSCHEMA, HDRTAG, ADAPTERBEAN, EXT1, EXT2, EXT3, LASTOPERATEUSER, LASTOPERATETIME, USERCD, LASTUPDTM, ACTIONNM, VERDT, VERSTATUS) VALUES ('SSO.000000011.01', null, 'sso', null, '02000000000000000100000000000000', 20131109, 'jscall-1', null, 0, null, null, null, null, null, null, null, null, 'ESB', '2015-04-14 00:46:59', '1', '20150401', '2');


INSERT INTO ESB_ENDPOINT (LOCATION, URI, REMARK, USERCD, LASTUPDTM, ACTIONNM, VERDT, VERSTATUS, APPCD) VALUES ('cmis.http', 'http://10.211.1.208:8010/brh-insuregateway/CreditInsureService', '信用险ws地址', null, null, null, null, null, null);

