<?xml version="1.0" encoding="UTF-8"?>
<beans xmlns="http://www.springframework.org/schema/beans"
	xmlns:p="http://www.springframework.org/schema/p" xmlns:amq="http://activemq.apache.org/schema/core"
	xmlns:xsi="http://www.w3.org/2001/XMLSchema-instance" xmlns:jms="http://www.springframework.org/schema/jms"
	xsi:schemaLocation="http://www.springframework.org/schema/beans http://www.springframework.org/schema/beans/spring-beans-2.0.xsd
	 http://www.springframework.org/schema/jms http://www.springframework.org/schema/jms/spring-jms-4.0.xsd
  http://activemq.apache.org/schema/core http://activemq.apache.org/schema/core/activemq-core.xsd">
	<amq:broker brokerName="esbLogBroker" useJmx="false"
		persistent="true" dataDirectory="${esb.amq.dataDir?amq-data}" />
	<bean id="esbLogAmqCnn" class="org.apache.activemq.ActiveMQConnectionFactory"
		p:brokerURL="vm://esbLogBroker" />
	<bean id="esbLogJmsTemplate" class="org.springframework.jms.core.JmsTemplate"
		p:connectionFactory-ref="esbLogAmqCnn" />
	<bean id="esbLogML" class="spc.esb.server.mq.ESBLogMsgListener" />
	<jms:listener-container destination-type="queue"
		concurrency="2-20" recovery-interval="5000" receive-timeout="5000"
		container-type="default" connection-factory="esbLogAmqCnn"
		acknowledge="auto">
		<jms:listener destination="ESB.LOG" ref="esbLogML" />
		<jms:listener destination="ESB.ALARM" ref="esbLogML" />
	</jms:listener-container>
</beans>