<?xml version="1.0" encoding="UTF-8"?>
<beans xmlns="http://www.springframework.org/schema/beans"
	xmlns:xsi="http://www.w3.org/2001/XMLSchema-instance" xmlns:p="http://www.springframework.org/schema/p"
	xmlns:context="http://www.springframework.org/schema/context"
	xmlns:util="http://www.springframework.org/schema/util"
	xsi:schemaLocation="
	http://www.springframework.org/schema/beans http://www.springframework.org/schema/beans/spring-beans-3.0.xsd
	http://www.springframework.org/schema/context http://www.springframework.org/schema/context/spring-context-3.0.xsd
	http://www.springframework.org/schema/util http://www.springframework.org/schema/util/spring-util-3.0.xsd"
	default-lazy-init="false">

	<bean class="spc.esb.server.netty.HttpNettyServer" p:port="${esb.http.port?9111}"
		p:validSndAppCd="${esb.http.validSndAppCd?}" p:unvalidSndAppCd="${esb.http.unvalidSndAppCd?}">
		<property name="converters">
			<util:map>
				<entry key="ws" value-ref="esbSOAPConverter" />
				<entry key="xml" value-ref="esbXMLConverter" />
				<entry key="json" value-ref="esbJSONConverter" />
				<entry key="api" value-ref="esbRestConverter" />
				<entry key="custom">
					<bean class="spc.esb.converter.CustomMsgConverter" />
				</entry>
			</util:map>
		</property>
	</bean>
	<bean class="spc.esb.server.netty.TcpNettyServer" p:port="${esb.tcp.soap.port?0}"
		p:converter-ref="esbSOAPConverter" />
	<bean class="spc.esb.server.netty.TcpNettyServer" p:port="${esb.tcp.json.port?0}"
		p:converter-ref="esbJSONConverter" />

	<bean id="esbJsonCallML" class="spc.esb.server.mq.ESBCallMsgListener" />
	<bean class="spc.webos.mq.QueueRegister" p:queue="{'ESB_JSON':'esbJsonCallML'}" />
</beans>
